order_id,order_date,customer_id,product_name,category,price,quantity_sold,product_cost,profit,stock_remaining,payment_method
ORD0001,2025-05-15,CUST226,Prosciutto Crudo 200g,Cured Meat,8.9,2,5.4,7.0,4.0,Cash
ORD0002,2025-02-03,CUST583,Parmigiano Reggiano 1kg,Cheese,27.9,2,18.5,18.8,88.0,Debit Card
ORD0003,2025-11-27,CUST865,Orecchiette 500g,Pasta,3.9,3,1.9,6.0,140.0,Debit Card
ORD0004,2025-08-17,CUST587,Parmigiano Reggiano 1kg,Cheese,27.9,2,18.5,18.8,34.0,Cash
ORD0005,2025-08-26,CUST175,Orange Marmalade 300g,Preserves,5.5,1,2.7,2.8,20.0,Cash
ORD0006,2025-11-24,CUST390,Prosciutto Crudo 200g,Cured Meat,8.9,2,5.4,7.0,9.0,Unknown
ORD0007,2025-10-13,CUST555,Pancetta Arrotolata 250g,Cured Meat,6.9,3,4.1,8.4,58.0,Cash
ORD0008,2025-01-22,CUST423,Prosecco DOC 750ml,Wine,12.9,2,7.5,10.8,81.0,PayPal
ORD0009,2025-01-15,CUST907,Pancetta Arrotolata 250g,Cured Meat,6.9,2,4.1,5.6,146.0,Credit Card
ORD0010,2025-05-10,CUST184,Fig Jam 300g,Preserves,5.9,5,2.9,15.0,12.0,Credit Card
ORD0011,2025-08-26,CUST269,Taralli Pugliesi 400g,Bakery,4.9,1,2.4,2.5,44.0,Cash
ORD0012,2025-06-16,CUST150,Fresh Pasta 500g,Pasta,4.5,2,2.2,4.6,86.0,Debit Card
ORD0013,2025-07-25,CUST920,Truffle Pasta 250g,Pasta,7.9,2,4.8,6.2,72.0,PayPal
ORD0014,2025-05-21,CUST242,Linguine Artisan 500g,Pasta,4.2,1,2.1,2.1,102.0,PayPal
ORD0015,2025-12-03,CUST955,Truffle Pasta 250g,Pasta,7.9,2,4.8,6.2,56.0,Cash
ORD0016,2025-11-11,CUST111,Nero d'Avola 750ml,Wine,16.5,2,10.2,12.6,74.0,Cash
ORD0017,2025-02-27,CUST909,Truffle Pasta 250g,Pasta,7.9,1,4.8,3.1,53.0,Debit Card
ORD0018,2025-06-22,CUST556,Salame Napoli 300g,Cured Meat,6.5,1,3.9,2.6,108.0,PayPal
ORD0019,2025-06-13,CUST163,Pecorino Romano 500g,Cheese,13.5,1,9.1,4.4,38.0,Credit Card
ORD0020,2025-12-06,CUST515,Salame Napoli 300g,Cured Meat,6.5,4,3.9,10.4,27.0,Debit Card
ORD0021,2025-11-13,CUST779,Orange Marmalade 300g,Cheese,5.5,3,2.7,8.4,137.0,PayPal
ORD0022,2025-07-06,CUST366,Pancetta Arrotolata 250g,Cured Meat,6.9,2,4.1,5.6,149.0,Cash
ORD0023,2025-05-06,CUST727,Barolo Riserva 750ml,Wine,49.9,2,29.3,41.2,125.0,PayPal
ORD0024,2025-09-14,CUST692,Truffle Olive Oil 250ml,Olive Oil,12.9,4,7.9,20.0,118.0,PayPal
ORD0025,2025-08-18,CUST168,Fresh Pasta 500g,Pasta,4.5,3,2.2,6.9,130.0,Credit Card
ORD0026,2025-08-21,CUST425,Gorgonzola Dolce 300g,Cheese,5.9,4,3.6,9.2,30.0,Credit Card
ORD0027,2025-05-28,CUST389,Taralli Pugliesi 400g,Bakery,4.9,3,2.4,7.5,127.0,PayPal
ORD0028,2025-04-13,CUST193,Organic Olive Oil 1L,Olive Oil,18.5,5,11.2,36.5,51.0,PayPal
ORD0029,2025-04-01,CUST338,Montepulciano d'Abruzzo Elévito 750ml,Wine,84.9,1,66.3,18.6,66.0,PayPal
ORD0030,2025-11-03,CUST315,Orecchiette 500g,Pasta,3.9,1,1.9,2.0,27.0,PayPal
ORD0031,2025-01-26,CUST536,Truffle Pasta 250g,Pasta,7.9,4,4.8,12.4,23.0,Credit Card
ORD0032,2025-02-02,CUST599,Parmigiano Reggiano 1kg,Cheese,27.9,1,18.5,9.4,122.0,Cash
ORD0033,2025-10-09,CUST292,Prosciutto Crudo 200g,Cured Meat,8.9,3,5.4,10.5,123.0,Debit Card
ORD0034,2025-12-05,CUST327,Organic Olive Oil 1L,Olive Oil,18.5,4,11.2,29.2,59.0,Cash
ORD0035,2025-04-14,CUST685,Speck Alto Adige 250g,Cured Meat,7.8,1,4.9,2.9,91.0,Credit Card
ORD0036,2025-03-25,CUST627,Prosecco DOC 750ml,Wine,12.9,1,7.5,5.4,126.0,Cash
ORD0037,2025-10-19,CUST319,Artichoke Spread 200g,Preserves,6.8,3,3.5,9.9,56.0,Cash
ORD0038,2025-02-12,CUST788,Orange Marmalade 300g,Preserves,5.5,2,2.7,5.6,37.0,Debit Card
ORD0039,2025-01-13,CUST328,Gorgonzola Dolce 300g,Cheese,5.9,3,3.6,6.9,95.0,PayPal
ORD0040,2025-03-04,CUST618,Parmigiano Reggiano 1kg,Cheese,27.9,1,18.5,9.4,114.0,Debit Card
ORD0041,2025-12-03,CUST318,Chili Pepper Jam 200g,Preserves,6.2,1,3.1,3.1,149.0,Cash
ORD0042,2025-09-01,CUST244,Montepulciano d'Abruzzo Elévito 750ml,Wine,84.9,4,66.3,74.4,126.0,PayPal
ORD0043,2025-03-17,CUST120,Prosecco DOC 750ml,Wine,12.9,5,7.5,27.0,138.0,Cash
ORD0044,2025-01-19,CUST846,Prosecco DOC 750ml,Wine,12.9,4,7.5,21.6,28.0,Cash
ORD0045,2025-02-05,CUST790,Burrata 250g,Cheese,4.9,1,2.7,2.2,95.0,Cash
ORD0046,2025-03-25,CUST747,Prosciutto Crudo 200g,Cured Meat,8.9,3,5.4,10.5,13.0,Cash
ORD0047,2025-12-29,CUST963,Extra Virgin Olive Oil 750ml,Olive Oil,15.9,3,9.5,19.2,75.0,Credit Card
ORD0048,2025-05-29,CUST539,Ravioli Ricotta & Spinach 400g,Pasta,6.8,5,4.1,13.5,106.0,Credit Card
ORD0049,2025-06-30,CUST456,Artichoke Spread 200g,Preserves,6.8,5,3.5,16.5,102.0,Debit Card
ORD0050,2025-03-03,CUST326,Soppressata Calabrese 350g,Cured Meat,10.5,1,6.8,3.7,46.0,Cash
ORD0051,2025-01-23,CUST512,Pecorino Romano 500g,Cheese,13.5,3,9.1,13.2,50.0,Debit Card
ORD0052,2025-07-09,CUST921,Focaccia Genovese,Bakery,5.5,4,2.8,10.8,6.0,Debit Card
ORD0053,2025-08-04,CUST991,Linguine Artisan 500g,Pasta,4.2,1,2.1,2.1,146.0,Debit Card
ORD0054,2025-01-03,CUST414,Pitta Bread,Bakery,2.9,2,1.2,3.4,29.0,Cash
ORD0055,2025-01-17,CUST303,Orecchiette 500g,Pasta,3.9,1,1.9,2.0,146.0,Credit Card
ORD0056,2025-12-12,CUST788,Garlic Bread,Bakery,3.5,2,1.4,4.2,79.0,Credit Card
ORD0057,2025-02-28,CUST196,Ravioli Ricotta & Spinach 400g,Pasta,6.8,5,4.1,13.5,96.0,PayPal
ORD0058,2025-06-14,CUST659,Prosecco DOC 750ml,Wine,12.9,2,7.5,10.8,71.0,Credit Card
ORD0059,2025-04-29,CUST964,Gorgonzola Dolce 300g,Cheese,5.9,4,3.6,9.2,37.0,Credit Card
ORD0060,2025-01-13,CUST194,Montepulciano d'Abruzzo Elévito 750ml,Wine,84.9,4,66.3,74.4,81.0,Credit Card
ORD0061,2025-08-27,CUST580,Orecchiette 500g,Pasta,3.9,4,1.9,8.0,8.0,PayPal
ORD0062,2025-12-20,CUST403,Soppressata Calabrese 350g,Cured Meat,10.5,3,6.8,11.1,23.0,Cash
ORD0063,2025-09-11,CUST646,Pitta Bread,Bakery,2.9,1,1.2,1.7,106.0,PayPal
ORD0064,2025-06-25,CUST926,Pancetta Arrotolata 250g,Cured Meat,6.9,5,4.1,14.0,22.0,Debit Card
ORD0065,2025-01-10,CUST144,Ravioli Ricotta & Spinach 400g,Pasta,6.8,1,4.1,2.7,98.0,Debit Card
ORD0066,2025-01-12,CUST813,Truffle Olive Oil 250ml,Olive Oil,12.9,1,7.9,5.0,57.0,PayPal
ORD0067,2025-08-27,CUST724,Organic Olive Oil 1L,Olive Oil,18.5,3,11.2,21.9,104.0,Cash
ORD0068,2025-09-06,CUST113,Truffle Olive Oil 250ml,Olive Oil,12.9,1,7.9,5.0,66.0,PayPal
ORD0069,2025-02-16,CUST555,Nero d'Avola 750ml,Wine,16.5,1,10.2,6.3,53.0,Debit Card
ORD0070,2025-11-29,CUST668,Organic Olive Oil 1L,Olive Oil,18.5,5,11.2,36.5,37.0,Cash
ORD0071,2025-09-04,CUST208,Orange Marmalade 300g,Preserves,5.5,3,2.7,8.4,69.0,Credit Card
ORD0072,2025-09-06,CUST213,Pancetta Arrotolata 250g,Cured Meat,6.9,1,4.1,2.8,80.0,Credit Card
ORD0073,2025-03-22,CUST636,Pecorino Romano 500g,Cheese,13.5,4,9.1,17.6,83.0,Credit Card
ORD0074,2025-11-09,CUST687,Fig Jam 300g,Preserves,5.9,2,2.9,6.0,43.0,Cash
ORD0075,2025-09-25,CUST547,Pitta Bread,Bakery,2.9,4,1.2,6.8,93.0,Cash
ORD0076,2025-07-27,CUST559,Orecchiette 500g,Pasta,3.9,1,1.9,2.0,41.0,PayPal
ORD0077,2025-02-01,CUST815,Parmigiano Reggiano 500g,Cheese,14.9,1,9.2,5.7,53.0,Debit Card
ORD0078,2025-06-14,CUST264,Taralli Pugliesi 400g,Bakery,4.9,3,2.4,7.5,35.0,Credit Card
ORD0079,2025-11-25,CUST300,Pecorino Romano 500g,Cheese,13.5,1,9.1,4.4,65.0,Credit Card
ORD0080,2025-02-04,CUST647,Orecchiette 500g,Pasta,3.9,4,1.9,8.0,45.0,PayPal
ORD0081,2025-07-22,CUST719,Chili Pepper Jam 200g,Preserves,6.2,5,3.1,15.5,70.0,Debit Card
ORD0082,2025-12-19,CUST797,Prosciutto Crudo 200g,Cured Meat,8.9,4,5.4,14.0,106.0,Debit Card
ORD0083,2025-11-29,CUST573,Speck Alto Adige 250g,Cured Meat,7.8,4,4.9,11.6,62.0,Debit Card
ORD0084,2025-07-17,CUST153,Pancetta Arrotolata 250g,Cured Meat,6.9,5,4.1,14.0,7.0,PayPal
ORD0085,2025-04-24,CUST140,Linguine Artisan 500g,Pasta,4.2,3,2.1,6.3,121.0,Credit Card
ORD0086,2025-03-13,CUST664,Fig Jam 300g,Preserves,5.9,3,2.9,9.0,92.0,Debit Card
ORD0087,2025-04-11,CUST620,Fresh Pasta 500g,Pasta,4.5,5,2.2,11.5,80.0,Cash
ORD0088,2025-12-05,CUST438,Extra Virgin Olive Oil 750ml,Olive Oil,15.9,5,9.5,32.0,115.0,Cash
ORD0089,2025-04-30,CUST783,Truffle Olive Oil 250ml,Olive Oil,12.9,5,7.9,25.0,84.0,Cash
ORD0090,2025-03-09,CUST206,Nero d'Avola 750ml,Wine,16.5,1,10.2,6.3,70.0,Cash
ORD0091,2025-12-12,CUST388,Pancetta Arrotolata 250g,Cured Meat,6.9,2,4.1,5.6,7.0,Cash
ORD0092,2025-11-07,CUST644,Truffle Olive Oil 250ml,Olive Oil,12.9,1,7.9,5.0,51.0,Cash
ORD0093,2025-09-01,CUST349,Chianti Classico 750ml,Wine,18.9,1,11.5,7.4,75.0,PayPal
ORD0094,2025-12-23,CUST312,Pecorino Romano 500g,Cheese,13.5,4,9.1,17.6,26.0,Credit Card
ORD0095,2025-10-08,CUST698,Pitta Bread,Bakery,2.9,3,1.2,5.1,30.0,PayPal
ORD0096,2025-07-26,CUST963,Prosciutto Crudo 200g,Cured Meat,8.9,3,5.4,10.5,108.0,Debit Card
ORD0097,2025-09-30,CUST954,Taralli Pugliesi 400g,Bakery,4.9,3,2.4,7.5,15.0,Debit Card
ORD0098,2025-03-18,CUST745,Extra Virgin Olive Oil 750ml,Olive Oil,15.9,3,9.5,19.2,30.0,PayPal
ORD0099,2025-01-01,CUST142,Taralli Pugliesi 400g,Bakery,4.9,4,2.4,10.0,52.0,Credit Card
ORD0100,2025-02-28,CUST275,Burrata 250g,Cheese,4.9,4,2.7,8.8,92.0,Debit Card
ORD0101,2025-05-14,CUST193,Speck Alto Adige 250g,Cured Meat,7.8,1,4.9,2.9,93.0,PayPal
ORD0102,2025-09-13,CUST630,Nero d'Avola 750ml,Wine,16.5,3,10.2,18.9,83.0,Credit Card
ORD0103,2025-03-12,CUST513,Nero d'Avola 750ml,Wine,16.5,5,10.2,31.5,13.0,Cash
ORD0104,2025-02-20,CUST221,Truffle Pasta 250g,Pasta,7.9,3,4.8,9.3,52.0,Credit Card
ORD0105,2025-09-17,CUST148,Parmigiano Reggiano 1kg,Cheese,27.9,2,18.5,18.8,94.0,PayPal
ORD0106,2025-07-26,CUST196,Soppressata Calabrese 350g,Cured Meat,10.5,2,6.8,7.4,10.0,Cash
ORD0107,2025-12-25,CUST569,Truffle Olive Oil 250ml,Olive Oil,12.9,1,7.9,5.0,13.0,Cash
ORD0108,2025-11-26,CUST235,Orange Marmalade 300g,Preserves,5.5,5,2.7,14.0,83.0,Debit Card
ORD0109,2025-09-04,CUST818,Pancetta Arrotolata 250g,Cured Meat,6.9,4,4.1,11.2,108.0,Cash
ORD0110,2025-07-21,CUST164,Linguine Artisan 500g,Pasta,4.2,5,2.1,10.5,73.0,PayPal
ORD0111,2025-01-07,CUST512,Pitta Bread,Bakery,2.9,3,1.2,5.1,111.0,Cash
ORD0112,2025-08-10,CUST656,Parmigiano Reggiano 500g,Cheese,14.9,4,9.2,22.8,56.0,Credit Card
ORD0113,2025-02-27,CUST742,Gorgonzola Dolce 300g,Cheese,5.9,5,3.6,11.5,57.0,Debit Card
ORD0114,2025-10-18,CUST775,Barolo Riserva 750ml,Wine,49.9,3,29.3,61.8,22.0,Credit Card
ORD0115,2025-01-15,CUST777,Truffle Pasta 250g,Pasta,7.9,3,4.8,9.3,133.0,Cash
ORD0116,2025-11-10,CUST458,Gorgonzola Dolce 300g,Cheese,5.9,2,3.6,4.6,102.0,Credit Card
ORD0117,2025-10-12,CUST995,Garlic Bread,Bakery,3.5,3,1.4,6.3,0.0,PayPal
ORD0118,2025-07-07,CUST784,Salame Napoli 300g,Cured Meat,6.5,1,3.9,2.6,116.0,Credit Card
ORD0119,2025-04-17,CUST612,Nero d'Avola 750ml,Wine,16.5,1,10.2,6.3,148.0,Cash
ORD0120,2025-03-11,CUST409,Truffle Pasta 250g,Pasta,7.9,5,4.8,15.5,93.0,Credit Card
ORD0121,2025-08-17,CUST867,Pitta Bread,Bakery,2.9,2,1.2,3.4,6.0,Cash
ORD0122,2025-01-05,CUST367,Fresh Pasta 500g,Pasta,4.5,2,2.2,4.6,97.0,Cash
ORD0123,2025-10-03,CUST833,Ravioli Ricotta & Spinach 400g,Pasta,6.8,4,4.1,10.8,52.0,Debit Card
ORD0124,2025-10-20,CUST247,Chili Pepper Jam 200g,Preserves,6.2,1,3.1,3.1,74.0,Credit Card
ORD0125,2025-04-04,CUST872,Salame Napoli 300g,Cured Meat,6.5,4,3.9,10.4,17.0,Debit Card
ORD0126,2025-08-27,CUST989,Parmigiano Reggiano 1kg,Cheese,27.9,5,18.5,47.0,19.0,Credit Card
ORD0127,2025-11-30,CUST811,Speck Alto Adige 250g,Cured Meat,7.8,5,4.9,14.5,80.0,Cash
ORD0128,2025-06-07,CUST581,Chianti Classico 750ml,Wine,18.9,3,11.5,22.2,123.0,Cash
ORD0129,2025-09-28,CUST898,Pecorino Romano 500g,Cheese,13.5,2,9.1,8.8,11.0,Cash
ORD0130,2025-07-03,CUST622,Burrata 250g,Cheese,4.9,1,2.7,2.2,7.0,Debit Card
ORD0131,2025-06-23,CUST201,Soppressata Calabrese 350g,Cured Meat,10.5,2,6.8,7.4,27.0,Debit Card
ORD0132,2025-05-12,CUST707,Linguine Artisan 500g,Pasta,4.2,3,2.1,6.3,67.0,Debit Card
ORD0133,2025-05-27,CUST297,Burrata 250g,Cheese,4.9,2,2.7,4.4,141.0,PayPal
ORD0134,2025-04-28,CUST610,Truffle Pasta 250g,Pasta,7.9,5,4.8,15.5,56.0,Credit Card
ORD0135,2025-10-08,CUST647,Soppressata Calabrese 350g,Cured Meat,10.5,1,6.8,3.7,94.0,PayPal
ORD0136,2025-11-29,CUST877,Focaccia Genovese,Bakery,5.5,4,2.8,10.8,66.0,Debit Card
ORD0137,2025-07-03,CUST116,Prosecco DOC 750ml,Wine,12.9,1,7.5,5.4,89.0,Debit Card
ORD0138,2025-12-13,CUST931,Montepulciano d'Abruzzo Elévito 750ml,Wine,84.9,2,66.3,37.2,120.0,Credit Card
ORD0139,2025-11-26,CUST989,Montepulciano d'Abruzzo Elévito 750ml,Wine,84.9,3,66.3,55.8,48.0,Cash
ORD0140,2025-05-20,CUST263,Truffle Olive Oil 250ml,Olive Oil,12.9,3,7.9,15.0,51.0,PayPal
ORD0141,2025-06-26,CUST631,Barolo Riserva 750ml,Wine,49.9,4,29.3,82.4,126.0,Cash
ORD0142,2025-10-31,CUST304,Truffle Olive Oil 250ml,Olive Oil,12.9,5,7.9,25.0,66.0,Debit Card
ORD0143,2025-05-23,CUST179,Parmigiano Reggiano 500g,Cheese,14.9,4,9.2,22.8,90.0,Debit Card
ORD0144,2025-04-22,CUST269,Prosciutto Crudo 200g,Cured Meat,8.9,3,5.4,10.5,126.0,Credit Card
ORD0145,2025-08-02,CUST405,Montepulciano d'Abruzzo Elévito 750ml,Wine,84.9,4,66.3,74.4,30.0,Credit Card
ORD0146,2025-12-22,CUST986,Garlic Bread,Bakery,3.5,2,1.4,4.2,142.0,Credit Card
ORD0147,2025-10-05,CUST243,Parmigiano Reggiano 500g,Cheese,14.9,3,9.2,17.1,36.0,PayPal
ORD0148,2025-05-30,CUST685,Nero d'Avola 750ml,Wine,16.5,1,10.2,6.3,13.0,Debit Card
ORD0149,2025-07-28,CUST237,Taralli Pugliesi 400g,Bakery,4.9,4,2.4,10.0,116.0,Cash
ORD0150,2025-01-22,CUST119,Prosciutto Crudo 200g,Cured Meat,8.9,4,5.4,14.0,132.0,Credit Card
ORD0151,2025-08-09,CUST982,Linguine Artisan 500g,Pasta,4.2,4,2.1,8.4,58.0,PayPal
ORD0152,2025-06-14,CUST101,Pitta Bread,Bakery,2.9,3,1.2,5.1,17.0,Debit Card
ORD0153,2025-01-30,CUST793,Orange Marmalade 300g,Preserves,5.5,1,2.7,2.8,1.0,PayPal
ORD0154,2025-02-10,CUST228,Chili Pepper Jam 200g,Preserves,6.2,2,3.1,6.2,21.0,PayPal
ORD0155,2025-07-23,CUST745,Prosciutto Crudo 200g,Cured Meat,8.9,4,5.4,14.0,3.0,Cash
ORD0156,2025-02-22,CUST102,Gorgonzola Dolce 300g,Cheese,5.9,1,3.6,2.3,71.0,Debit Card
ORD0157,2025-02-14,CUST502,Burrata 250g,Cheese,4.9,2,2.7,4.4,15.0,Credit Card
ORD0158,2025-05-31,CUST416,Chianti Classico 750ml,Wine,18.9,2,11.5,14.8,8.0,Debit Card
ORD0159,2025-02-09,CUST278,Pancetta Arrotolata 250g,Cured Meat,6.9,1,4.1,2.8,88.0,Credit Card
ORD0160,2025-05-13,CUST564,Linguine Artisan 500g,Pasta,4.2,2,2.1,4.2,73.0,Debit Card
ORD0161,2025-02-06,CUST971,Chili Pepper Jam 200g,Preserves,6.2,5,3.1,15.5,7.0,Cash
ORD0162,2025-12-26,CUST745,Organic Olive Oil 1L,Olive Oil,18.5,1,11.2,7.3,139.0,Debit Card
ORD0163,2025-02-14,CUST271,Chianti Classico 750ml,Wine,18.9,2,11.5,14.8,88.0,PayPal
ORD0164,2025-03-06,CUST517,Orange Marmalade 300g,Preserves,5.5,4,2.7,11.2,90.0,Credit Card
ORD0165,2025-04-07,CUST468,Extra Virgin Olive Oil 750ml,Olive Oil,15.9,2,9.5,12.8,70.0,Debit Card
ORD0166,2025-05-30,CUST686,Parmigiano Reggiano 1kg,Cheese,27.9,5,18.5,47.0,49.0,Debit Card
ORD0167,2025-01-24,CUST878,Pitta Bread,Bakery,2.9,1,1.2,1.7,84.0,Cash
ORD0168,2025-11-06,CUST840,Barolo Riserva 750ml,Wine,49.9,5,29.3,103.0,5.0,PayPal
ORD0169,2025-02-09,CUST108,Fresh Pasta 500g,Pasta,4.5,1,2.2,2.3,95.0,Cash
ORD0170,2025-03-10,CUST170,Burrata 250g,Cheese,4.9,2,2.7,4.4,31.0,PayPal
ORD0171,2025-10-20,CUST209,Orange Marmalade 300g,Preserves,5.5,2,2.7,5.6,94.0,Credit Card
ORD0172,2025-08-23,CUST675,Prosecco DOC 750ml,Wine,12.9,2,7.5,10.8,48.0,PayPal
ORD0173,2025-11-19,CUST639,Focaccia Genovese,Bakery,5.5,3,2.8,8.1,137.0,Cash
ORD0174,2025-06-26,CUST809,Artichoke Spread 200g,Preserves,6.8,3,3.5,9.9,62.0,PayPal
ORD0175,2025-01-31,CUST387,Pecorino Romano 500g,Cheese,13.5,1,9.1,4.4,21.0,Cash
ORD0176,2025-09-29,CUST986,Soppressata Calabrese 350g,Cured Meat,10.5,4,6.8,14.8,65.0,Debit Card
ORD0177,2025-07-03,CUST500,Focaccia Genovese,Bakery,5.5,2,2.8,5.4,137.0,Credit Card
ORD0178,2025-01-02,CUST850,Focaccia Genovese,Bakery,5.5,3,2.8,8.1,106.0,Cash
ORD0179,2025-02-12,CUST499,Speck Alto Adige 250g,Cured Meat,7.8,5,4.9,14.5,112.0,PayPal
ORD0180,2025-10-16,CUST505,Montepulciano d'Abruzzo Elévito 750ml,Wine,84.9,4,66.3,74.4,87.0,PayPal
ORD0181,2025-03-14,CUST462,Barolo Riserva 750ml,Wine,49.9,1,29.3,20.6,41.0,Debit Card
ORD0182,2025-01-17,CUST447,Artichoke Spread 200g,Preserves,6.8,1,3.5,3.3,76.0,Credit Card
ORD0183,2025-08-30,CUST508,Truffle Pasta 250g,Pasta,7.9,4,4.8,12.4,139.0,Cash
ORD0184,2025-12-30,CUST123,Prosciutto Crudo 200g,Cured Meat,8.9,3,5.4,10.5,31.0,Cash
ORD0185,2025-02-19,CUST550,Ravioli Ricotta & Spinach 400g,Pasta,6.8,3,4.1,8.1,36.0,Debit Card
ORD0186,2025-10-18,CUST958,Burrata 250g,Cheese,4.9,5,2.7,11.0,30.0,PayPal
ORD0187,2025-06-16,CUST358,Barolo Riserva 750ml,Wine,49.9,3,29.3,61.8,90.0,PayPal
ORD0188,2025-08-23,CUST509,Pitta Bread,Bakery,2.9,5,1.2,8.5,114.0,Debit Card
ORD0189,2025-07-28,CUST453,Soppressata Calabrese 350g,Cured Meat,10.5,1,6.8,3.7,77.0,PayPal
ORD0190,2025-07-06,CUST762,Soppressata Calabrese 350g,Cured Meat,10.5,2,6.8,7.4,110.0,Debit Card
ORD0191,2025-12-26,CUST720,Montepulciano d'Abruzzo Elévito 750ml,Wine,84.9,1,66.3,18.6,79.0,Credit Card
ORD0192,2025-05-16,CUST858,Burrata 250g,Cheese,4.9,1,2.7,2.2,28.0,Debit Card
ORD0193,2025-07-03,CUST675,Pecorino Romano 500g,Cheese,13.5,4,9.1,17.6,46.0,Cash
ORD0194,2025-07-08,CUST178,Truffle Pasta 250g,Pasta,7.9,1,4.8,3.1,22.0,Credit Card
ORD0195,2025-10-17,CUST781,Pecorino Romano 500g,Cheese,13.5,1,9.1,4.4,132.0,Credit Card
ORD0196,2025-05-18,CUST221,Barolo Riserva 750ml,Wine,49.9,5,29.3,103.0,0.0,Cash
ORD0197,2025-08-29,CUST807,Taralli Pugliesi 400g,Bakery,4.9,3,2.4,7.5,36.0,PayPal
ORD0198,2025-04-04,CUST303,Salame Napoli 300g,Cured Meat,6.5,4,3.9,10.4,87.0,Cash
ORD0199,2025-12-11,CUST868,Orange Marmalade 300g,Preserves,5.5,4,2.7,11.2,39.0,Debit Card
ORD0200,2025-12-10,CUST219,Pancetta Arrotolata 250g,Cured Meat,6.9,3,4.1,8.4,64.0,PayPal
ORD0201,2025-03-24,CUST710,Taralli Pugliesi 400g,Bakery,4.9,2,2.4,5.0,25.0,Credit Card
ORD0202,2025-06-27,CUST871,Orange Marmalade 300g,Preserves,5.5,2,2.7,5.6,16.0,Debit Card
ORD0203,2025-01-14,CUST533,Orecchiette 500g,Pasta,3.9,2,1.9,4.0,32.0,PayPal
ORD0204,2025-08-25,CUST267,Pancetta Arrotolata 250g,Cured Meat,6.9,5,4.1,14.0,134.0,PayPal
ORD0205,2025-10-08,CUST492,Linguine Artisan 500g,Pasta,4.2,5,2.1,10.5,67.0,Debit Card
ORD0206,2025-06-10,CUST411,Artichoke Spread 200g,Preserves,6.8,4,3.5,13.2,139.0,Debit Card
ORD0207,2025-08-09,CUST723,Chianti Classico 750ml,Wine,18.9,2,11.5,14.8,134.0,Debit Card
ORD0208,2025-08-30,CUST256,Montepulciano d'Abruzzo Elévito 750ml,Wine,84.9,5,66.3,93.0,5.0,Credit Card
ORD0209,2025-02-03,CUST536,Salame Napoli 300g,Cured Meat,6.5,2,3.9,5.2,129.0,PayPal
ORD0210,2025-11-21,CUST511,Fig Jam 300g,Preserves,5.9,4,2.9,12.0,64.0,Cash
ORD0211,2025-09-16,CUST732,Montepulciano d'Abruzzo Elévito 750ml,Wine,84.9,5,66.3,93.0,142.0,Debit Card
ORD0212,2025-02-08,CUST842,Linguine Artisan 500g,Pasta,4.2,3,2.1,6.3,71.0,Cash
ORD0213,2025-01-11,CUST229,Montepulciano d'Abruzzo Elévito 750ml,Wine,84.9,2,66.3,37.2,106.0,Credit Card
ORD0214,2025-05-10,CUST919,Barolo Riserva 750ml,Wine,49.9,1,29.3,20.6,115.0,Debit Card
ORD0215,2025-03-27,CUST767,Artichoke Spread 200g,Preserves,6.8,3,3.5,9.9,111.0,Cash
ORD0216,2025-09-19,CUST738,Orange Marmalade 300g,Preserves,5.5,4,2.7,11.2,95.0,Debit Card
ORD0217,2025-08-20,CUST118,Garlic Bread,Bakery,3.5,1,1.4,2.1,55.0,Debit Card
ORD0218,2025-05-17,CUST418,Fig Jam 300g,Preserves,5.9,2,2.9,6.0,79.0,Cash
ORD0219,2025-12-13,CUST181,Prosciutto Crudo 200g,Cured Meat,8.9,1,5.4,3.5,2.0,PayPal
ORD0220,2025-02-18,CUST867,Fresh Pasta 500g,Pasta,4.5,4,2.2,9.2,108.0,Credit Card
ORD0221,2025-03-24,CUST987,Salame Napoli 300g,Cured Meat,6.5,2,3.9,5.2,105.0,Debit Card
ORD0222,2025-03-05,CUST500,Truffle Pasta 250g,Pasta,7.9,3,4.8,9.3,52.0,Credit Card
ORD0223,2025-01-31,CUST470,Linguine Artisan 500g,Pasta,4.2,4,2.1,8.4,73.0,Cash
ORD0224,2025-04-25,CUST388,Truffle Pasta 250g,Pasta,7.9,1,4.8,3.1,67.0,Cash
ORD0225,2025-07-30,CUST349,Truffle Olive Oil 250ml,Olive Oil,12.9,4,7.9,20.0,3.0,Cash
ORD0226,2025-05-11,CUST257,Fig Jam 300g,Preserves,5.9,3,2.9,9.0,9.0,Debit Card
ORD0227,2025-01-13,CUST606,Truffle Pasta 250g,Pasta,7.9,5,4.8,15.5,88.0,PayPal
ORD0228,2025-06-17,CUST942,Gorgonzola Dolce 300g,Cheese,5.9,5,3.6,11.5,129.0,Credit Card
ORD0229,2025-03-11,CUST586,Nero d'Avola 750ml,Wine,16.5,2,10.2,12.6,102.0,PayPal
ORD0230,2025-08-03,CUST422,Truffle Pasta 250g,Pasta,7.9,2,4.8,6.2,91.0,Cash
ORD0231,2025-09-06,CUST603,Linguine Artisan 500g,Pasta,4.2,2,2.1,4.2,92.0,Credit Card
ORD0232,2025-05-01,CUST982,Gorgonzola Dolce 300g,Cheese,5.9,5,3.6,11.5,29.0,PayPal
ORD0233,2025-06-20,CUST949,Prosecco DOC 750ml,Wine,12.9,4,7.5,21.6,115.0,Cash
ORD0234,2025-08-30,CUST602,Burrata 250g,Cheese,4.9,5,2.7,11.0,12.0,PayPal
ORD0235,2025-06-27,CUST995,Ravioli Ricotta & Spinach 400g,Pasta,6.8,4,4.1,10.8,13.0,Debit Card
ORD0236,2025-02-05,CUST880,Artichoke Spread 200g,Preserves,6.8,4,3.5,13.2,142.0,Cash
ORD0237,2025-12-26,CUST195,Focaccia Genovese,Bakery,5.5,1,2.8,2.7,97.0,PayPal
ORD0238,2025-03-26,CUST968,Orecchiette 500g,Pasta,3.9,2,1.9,4.0,37.0,Cash
ORD0239,2025-04-10,CUST513,Nero d'Avola 750ml,Wine,16.5,1,10.2,6.3,34.0,Credit Card
ORD0240,2025-07-20,CUST569,Pecorino Romano 500g,Cheese,13.5,2,9.1,8.8,150.0,Credit Card
ORD0241,2025-10-18,CUST379,Taralli Pugliesi 400g,Bakery,4.9,5,2.4,12.5,89.0,Credit Card
ORD0242,2025-06-03,CUST148,Burrata 250g,Cheese,4.9,3,2.7,6.6,92.0,Debit Card
ORD0243,2025-01-13,CUST188,Prosecco DOC 750ml,Wine,12.9,1,7.5,5.4,140.0,Credit Card
ORD0244,2025-03-17,CUST387,Chianti Classico 750ml,Wine,18.9,1,11.5,7.4,134.0,PayPal
ORD0245,2025-01-28,CUST304,Chili Pepper Jam 200g,Preserves,6.2,1,3.1,3.1,8.0,Credit Card
ORD0246,2025-07-13,CUST708,Fresh Pasta 500g,Pasta,4.5,4,2.2,9.2,93.0,Cash
ORD0247,2025-04-04,CUST128,Extra Virgin Olive Oil 750ml,Olive Oil,15.9,5,9.5,32.0,135.0,Credit Card
ORD0248,2025-03-30,CUST814,Pitta Bread,Bakery,2.9,4,1.2,6.8,126.0,Cash
ORD0249,2025-08-28,CUST458,Gorgonzola Dolce 300g,Cheese,5.9,5,3.6,11.5,141.0,Debit Card
ORD0250,2025-04-30,CUST774,Pitta Bread,Bakery,2.9,2,1.2,3.4,102.0,PayPal
ORD0251,2025-08-08,CUST791,Linguine Artisan 500g,Pasta,4.2,1,2.1,2.1,3.0,Debit Card
ORD0252,2025-07-05,CUST685,Montepulciano d'Abruzzo Elévito 750ml,Wine,84.9,1,66.3,18.6,143.0,Credit Card
ORD0253,2025-09-21,CUST870,Focaccia Genovese,Bakery,5.5,3,2.8,8.1,7.0,PayPal
ORD0254,2025-02-11,CUST894,Orange Marmalade 300g,Preserves,5.5,1,2.7,2.8,31.0,PayPal
ORD0255,2025-06-26,CUST450,Orange Marmalade 300g,Preserves,5.5,2,2.7,5.6,6.0,Cash
ORD0256,2025-07-23,CUST538,Taralli Pugliesi 400g,Bakery,4.9,3,2.4,7.5,38.0,Credit Card
ORD0257,2025-10-24,CUST398,Pecorino Romano 500g,Cheese,13.5,3,9.1,13.2,150.0,Credit Card
ORD0258,2025-12-25,CUST993,Pecorino Romano 500g,Cheese,13.5,1,9.1,4.4,100.0,PayPal
ORD0259,2025-05-11,CUST391,Fig Jam 300g,Preserves,5.9,1,2.9,3.0,120.0,PayPal
ORD0260,2025-12-21,CUST860,Focaccia Genovese,Bakery,5.5,3,2.8,8.1,30.0,PayPal
ORD0261,2025-09-10,CUST121,Fresh Pasta 500g,Pasta,4.5,1,2.2,2.3,114.0,PayPal
ORD0262,2025-04-12,CUST835,Orecchiette 500g,Pasta,3.9,2,1.9,4.0,133.0,Cash
ORD0263,2025-11-16,CUST902,Pitta Bread,Bakery,2.9,1,1.2,1.7,54.0,Credit Card
ORD0264,2025-09-05,CUST114,Nero d'Avola 750ml,Wine,16.5,2,10.2,12.6,80.0,Credit Card
ORD0265,2025-05-20,CUST675,Chili Pepper Jam 200g,Preserves,6.2,5,3.1,15.5,22.0,Credit Card
ORD0266,2025-03-31,CUST535,Speck Alto Adige 250g,Cured Meat,7.8,5,4.9,14.5,63.0,PayPal
ORD0267,2025-01-24,CUST108,Speck Alto Adige 250g,Cured Meat,7.8,4,4.9,11.6,60.0,Cash
ORD0268,2025-09-01,CUST921,Salame Napoli 300g,Cured Meat,6.5,4,3.9,10.4,17.0,Credit Card
ORD0269,2025-07-01,CUST823,Organic Olive Oil 1L,Olive Oil,18.5,2,11.2,14.6,143.0,Debit Card
ORD0270,2025-01-06,CUST228,Chianti Classico 750ml,Wine,18.9,2,11.5,14.8,109.0,Cash
ORD0271,2025-06-05,CUST649,Speck Alto Adige 250g,Cured Meat,7.8,4,4.9,11.6,72.0,Debit Card
ORD0272,2025-07-19,CUST196,Fresh Pasta 500g,Pasta,4.5,4,2.2,9.2,84.0,Cash
ORD0273,2025-10-11,CUST912,Orecchiette 500g,Pasta,3.9,5,1.9,10.0,31.0,Cash
ORD0274,2025-11-02,CUST987,Organic Olive Oil 1L,Olive Oil,18.5,4,11.2,29.2,61.0,Cash
ORD0275,2025-04-16,CUST994,Orange Marmalade 300g,Preserves,5.5,4,2.7,11.2,128.0,Credit Card
ORD0276,2025-08-29,CUST856,Prosciutto Crudo 200g,Cured Meat,8.9,4,5.4,14.0,52.0,PayPal
ORD0277,2025-05-28,CUST373,Artichoke Spread 200g,Preserves,6.8,4,3.5,13.2,139.0,Credit Card
ORD0278,2025-11-23,CUST389,Orange Marmalade 300g,Preserves,5.5,1,2.7,2.8,3.0,Debit Card
ORD0279,2025-10-16,CUST940,Prosecco DOC 750ml,Wine,12.9,2,7.5,10.8,97.0,PayPal
ORD0280,2025-12-19,CUST505,Barolo Riserva 750ml,Wine,49.9,5,29.3,103.0,5.0,Debit Card
ORD0281,2025-10-30,CUST519,Organic Olive Oil 1L,Olive Oil,18.5,4,11.2,29.2,57.0,PayPal
ORD0282,2025-02-21,CUST239,Linguine Artisan 500g,Pasta,4.2,5,2.1,10.5,58.0,Cash
ORD0283,2025-01-17,CUST293,Salame Napoli 300g,Cured Meat,6.5,4,3.9,10.4,97.0,PayPal
ORD0284,2025-05-04,CUST534,Taralli Pugliesi 400g,Bakery,4.9,4,2.4,10.0,40.0,Cash
ORD0285,2025-06-20,CUST309,Focaccia Genovese,Bakery,5.5,3,2.8,8.1,62.0,Cash
ORD0286,2025-03-31,CUST825,Gorgonzola Dolce 300g,Cheese,5.9,1,3.6,2.3,115.0,PayPal
ORD0287,2025-11-21,CUST923,Artichoke Spread 200g,Preserves,6.8,4,3.5,13.2,47.0,PayPal
ORD0288,2025-03-07,CUST243,Nero d'Avola 750ml,Wine,16.5,4,10.2,25.2,21.0,PayPal
ORD0289,2025-03-10,CUST361,Fig Jam 300g,Preserves,5.9,3,2.9,9.0,6.0,PayPal
ORD0290,2025-11-23,CUST841,Orecchiette 500g,Pasta,3.9,3,1.9,6.0,94.0,PayPal
ORD0291,2025-04-10,CUST166,Pancetta Arrotolata 250g,Cured Meat,6.9,3,4.1,8.4,3.0,Cash
ORD0292,2025-05-25,CUST486,Nero d'Avola 750ml,Wine,16.5,1,10.2,6.3,22.0,PayPal
ORD0293,2025-05-24,CUST790,Fresh Pasta 500g,Pasta,4.5,5,2.2,11.5,9.0,Debit Card
ORD0294,2025-05-21,CUST621,Extra Virgin Olive Oil 750ml,Olive Oil,15.9,4,9.5,25.6,29.0,PayPal
ORD0295,2025-07-09,CUST116,Salame Napoli 300g,Cured Meat,6.5,3,3.9,7.8,104.0,Cash
ORD0296,2025-08-05,CUST936,Chianti Classico 750ml,Wine,18.9,4,11.5,29.6,134.0,Credit Card
ORD0297,2025-01-04,CUST620,Fresh Pasta 500g,Pasta,4.5,1,2.2,2.3,57.0,Cash
ORD0298,2025-09-28,CUST123,Speck Alto Adige 250g,Cured Meat,7.8,5,4.9,14.5,83.0,Credit Card
ORD0299,2025-07-20,CUST631,Speck Alto Adige 250g,Cured Meat,7.8,2,4.9,5.8,58.0,Credit Card
ORD0300,2025-09-19,CUST739,Barolo Riserva 750ml,Wine,49.9,3,29.3,61.8,145.0,Debit Card
ORD0301,2025-01-24,CUST180,Pecorino Romano 500g,Cheese,13.5,1,9.1,4.4,117.0,Credit Card
ORD0302,2025-02-27,CUST751,Barolo Riserva 750ml,Wine,49.9,4,29.3,82.4,42.0,PayPal
ORD0303,2025-08-16,CUST226,Taralli Pugliesi 400g,Bakery,4.9,5,2.4,12.5,64.0,Cash
ORD0304,2025-05-11,CUST185,Soppressata Calabrese 350g,Cured Meat,10.5,2,6.8,7.4,85.0,Cash
ORD0305,2025-04-19,CUST810,Pecorino Romano 500g,Cheese,13.5,3,9.1,13.2,103.0,Credit Card
ORD0306,2025-10-29,CUST285,Extra Virgin Olive Oil 750ml,Olive Oil,15.9,1,9.5,6.4,18.0,Credit Card
ORD0307,2025-03-11,CUST778,Prosecco DOC 750ml,Wine,12.9,2,7.5,10.8,45.0,Credit Card
ORD0308,2025-06-30,CUST729,Salame Napoli 300g,Cured Meat,6.5,4,3.9,10.4,11.0,Cash
ORD0309,2025-06-09,CUST708,Linguine Artisan 500g,Pasta,4.2,5,2.1,10.5,19.0,Debit Card
ORD0310,2025-06-28,CUST364,Organic Olive Oil 1L,Olive Oil,18.5,1,11.2,7.3,61.0,Credit Card
ORD0311,2025-11-02,CUST304,Focaccia Genovese,Bakery,5.5,1,2.8,2.7,28.0,Debit Card
ORD0312,2025-05-07,CUST355,Fresh Pasta 500g,Pasta,4.5,2,2.2,4.6,86.0,Debit Card
ORD0313,2025-12-14,CUST397,Montepulciano d'Abruzzo Elévito 750ml,Wine,84.9,1,66.3,18.6,140.0,Cash
ORD0314,2025-07-28,CUST408,Orecchiette 500g,Pasta,3.9,5,1.9,10.0,134.0,Credit Card
ORD0315,2025-04-05,CUST759,Burrata 250g,Cheese,4.9,4,2.7,8.8,6.0,Debit Card
ORD0316,2025-11-19,CUST504,Soppressata Calabrese 350g,Cured Meat,10.5,2,6.8,7.4,18.0,Cash
ORD0317,2025-09-25,CUST730,Linguine Artisan 500g,Pasta,4.2,3,2.1,6.3,144.0,Credit Card
ORD0318,2025-05-22,CUST826,Organic Olive Oil 1L,Olive Oil,18.5,5,11.2,36.5,114.0,Debit Card
ORD0319,2025-10-03,CUST861,Barolo Riserva 750ml,Wine,49.9,1,29.3,20.6,61.0,Cash
ORD0320,2025-08-07,CUST215,Nero d'Avola 750ml,Wine,16.5,5,10.2,31.5,5.0,Credit Card
ORD0321,2025-05-09,CUST560,Nero d'Avola 750ml,Wine,16.5,5,10.2,31.5,138.0,Cash
ORD0322,2025-08-22,CUST512,Nero d'Avola 750ml,Wine,16.5,1,10.2,6.3,79.0,Cash
ORD0323,2025-03-04,CUST132,Prosciutto Crudo 200g,Cured Meat,8.9,1,5.4,3.5,134.0,Debit Card
ORD0324,2025-02-22,CUST273,Chili Pepper Jam 200g,Preserves,6.2,4,3.1,12.4,136.0,Cash
ORD0325,2025-07-29,CUST832,Parmigiano Reggiano 1kg,Cheese,27.9,5,18.5,47.0,37.0,Credit Card
ORD0326,2025-12-05,CUST922,Orange Marmalade 300g,Preserves,5.5,2,2.7,5.6,119.0,Debit Card
ORD0327,2025-08-10,CUST209,Truffle Olive Oil 250ml,Olive Oil,12.9,1,7.9,5.0,143.0,Debit Card
ORD0328,2025-02-13,CUST208,Chianti Classico 750ml,Wine,18.9,5,11.5,37.0,31.0,PayPal
ORD0329,2025-11-15,CUST929,Ravioli Ricotta & Spinach 400g,Pasta,6.8,2,4.1,5.4,17.0,Debit Card
ORD0330,2025-02-14,CUST979,Garlic Bread,Bakery,3.5,4,1.4,8.4,65.0,Cash
ORD0331,2025-01-20,CUST515,Gorgonzola Dolce 300g,Cheese,5.9,2,3.6,4.6,9.0,Debit Card
ORD0332,2025-02-03,CUST784,Burrata 250g,Cheese,4.9,5,2.7,11.0,114.0,Credit Card
ORD0333,2025-12-03,CUST610,Orecchiette 500g,Pasta,3.9,1,1.9,2.0,110.0,PayPal
ORD0334,2025-04-11,CUST204,Barolo Riserva 750ml,Wine,49.9,5,29.3,103.0,12.0,Debit Card
ORD0335,2025-06-23,CUST452,Montepulciano d'Abruzzo Elévito 750ml,Wine,84.9,5,66.3,93.0,114.0,Cash
ORD0336,2025-02-20,CUST413,Garlic Bread,Bakery,3.5,2,1.4,4.2,15.0,Credit Card
ORD0337,2025-06-28,CUST186,Prosecco DOC 750ml,Wine,12.9,3,7.5,16.2,14.0,PayPal
ORD0338,2025-08-19,CUST256,Chili Pepper Jam 200g,Preserves,6.2,5,3.1,15.5,144.0,Cash
ORD0339,2025-06-23,CUST748,Taralli Pugliesi 400g,Bakery,4.9,2,2.4,5.0,93.0,PayPal
ORD0340,2025-06-15,CUST369,Artichoke Spread 200g,Preserves,6.8,2,3.5,6.6,68.0,PayPal
ORD0341,2025-08-24,CUST748,Truffle Olive Oil 250ml,Olive Oil,12.9,3,7.9,15.0,20.0,Credit Card
ORD0342,2025-02-13,CUST572,Focaccia Genovese,Bakery,5.5,4,2.8,10.8,23.0,Credit Card
ORD0343,2025-12-13,CUST852,Barolo Riserva 750ml,Wine,49.9,5,29.3,103.0,104.0,Cash
ORD0344,2025-06-17,CUST725,Chili Pepper Jam 200g,Preserves,6.2,3,3.1,9.3,83.0,PayPal
ORD0345,2025-03-07,CUST714,Orange Marmalade 300g,Preserves,5.5,1,2.7,2.8,40.0,Credit Card
ORD0346,2025-05-13,CUST766,Focaccia Genovese,Bakery,5.5,3,2.8,8.1,140.0,Credit Card
ORD0347,2025-02-05,CUST225,Organic Olive Oil 1L,Olive Oil,18.5,5,11.2,36.5,5.0,PayPal
ORD0348,2025-08-02,CUST604,Pancetta Arrotolata 250g,Cured Meat,6.9,2,4.1,5.6,50.0,Credit Card
ORD0349,2025-06-03,CUST426,Gorgonzola Dolce 300g,Cheese,5.9,4,3.6,9.2,105.0,Cash
ORD0350,2025-08-20,CUST235,Taralli Pugliesi 400g,Bakery,4.9,5,2.4,12.5,144.0,PayPal
ORD0351,2025-03-26,CUST238,Focaccia Genovese,Bakery,5.5,2,2.8,5.4,42.0,Cash
ORD0352,2025-01-13,CUST834,Montepulciano d'Abruzzo Elévito 750ml,Wine,84.9,1,66.3,18.6,1.0,Cash
ORD0353,2025-08-13,CUST171,Speck Alto Adige 250g,Cured Meat,7.8,4,4.9,11.6,68.0,Debit Card
ORD0354,2025-04-11,CUST266,Soppressata Calabrese 350g,Cured Meat,10.5,3,6.8,11.1,135.0,PayPal
ORD0355,2025-09-24,CUST825,Pitta Bread,Bakery,2.9,2,1.2,3.4,105.0,Cash
ORD0356,2025-09-19,CUST489,Barolo Riserva 750ml,Wine,49.9,2,29.3,41.2,23.0,PayPal
ORD0357,2025-12-05,CUST555,Parmigiano Reggiano 500g,Cheese,14.9,1,9.2,5.7,42.0,Debit Card
ORD0358,2025-07-23,CUST161,Burrata 250g,Cheese,4.9,1,2.7,2.2,8.0,Debit Card
ORD0359,2025-08-04,CUST482,Chianti Classico 750ml,Wine,18.9,2,11.5,14.8,14.0,Cash
ORD0360,2025-11-09,CUST152,Extra Virgin Olive Oil 750ml,Olive Oil,15.9,2,9.5,12.8,75.0,Debit Card
ORD0361,2025-07-23,CUST701,Speck Alto Adige 250g,Cured Meat,7.8,3,4.9,8.7,81.0,Debit Card
ORD0362,2025-10-31,CUST445,Pancetta Arrotolata 250g,Cured Meat,6.9,3,4.1,8.4,54.0,PayPal
ORD0363,2025-07-21,CUST473,Taralli Pugliesi 400g,Bakery,4.9,2,2.4,5.0,135.0,Debit Card
ORD0364,2025-01-28,CUST597,Prosecco DOC 750ml,Wine,12.9,1,7.5,5.4,133.0,Debit Card
ORD0365,2025-09-24,CUST405,Orange Marmalade 300g,Preserves,5.5,2,2.7,5.6,10.0,Debit Card
ORD0366,2025-05-26,CUST872,Chili Pepper Jam 200g,Preserves,6.2,5,3.1,15.5,141.0,Credit Card
ORD0367,2025-03-15,CUST992,Pecorino Romano 500g,Cheese,13.5,5,9.1,22.0,143.0,Debit Card
ORD0368,2025-11-13,CUST261,Speck Alto Adige 250g,Cured Meat,7.8,3,4.9,8.7,26.0,Debit Card
ORD0369,2025-10-28,CUST848,Nero d'Avola 750ml,Wine,16.5,5,10.2,31.5,116.0,Debit Card
ORD0370,2025-02-11,CUST316,Orecchiette 500g,Pasta,3.9,2,1.9,4.0,44.0,PayPal
ORD0371,2025-07-26,CUST995,Soppressata Calabrese 350g,Cured Meat,10.5,4,6.8,14.8,42.0,Debit Card
ORD0372,2025-01-26,CUST925,Pitta Bread,Bakery,2.9,1,1.2,1.7,61.0,PayPal
ORD0373,2025-10-01,CUST428,Barolo Riserva 750ml,Wine,49.9,1,29.3,20.6,33.0,Credit Card
ORD0374,2025-11-08,CUST471,Artichoke Spread 200g,Preserves,6.8,3,3.5,9.9,104.0,Cash
ORD0375,2025-12-13,CUST178,Orange Marmalade 300g,Preserves,5.5,1,2.7,2.8,25.0,Cash
ORD0376,2025-08-29,CUST431,Nero d'Avola 750ml,Wine,16.5,4,10.2,25.2,36.0,Cash
ORD0377,2025-11-27,CUST678,Burrata 250g,Cheese,4.9,5,2.7,11.0,70.0,Credit Card
ORD0378,2025-05-24,CUST752,Pancetta Arrotolata 250g,Cured Meat,6.9,4,4.1,11.2,5.0,Credit Card
ORD0379,2025-11-06,CUST158,Montepulciano d'Abruzzo Elévito 750ml,Wine,84.9,2,66.3,37.2,11.0,Credit Card
ORD0380,2025-01-04,CUST932,Parmigiano Reggiano 1kg,Cheese,27.9,5,18.5,47.0,92.0,Debit Card
ORD0381,2025-09-04,CUST460,Salame Napoli 300g,Cured Meat,6.5,2,3.9,5.2,146.0,PayPal
ORD0382,2025-09-06,CUST417,Pancetta Arrotolata 250g,Cured Meat,6.9,4,4.1,11.2,43.0,Cash
ORD0383,2025-11-11,CUST858,Truffle Olive Oil 250ml,Olive Oil,12.9,3,7.9,15.0,68.0,PayPal
ORD0384,2025-01-17,CUST542,Soppressata Calabrese 350g,Cured Meat,10.5,3,6.8,11.1,132.0,PayPal
ORD0385,2025-08-06,CUST122,Prosecco DOC 750ml,Wine,12.9,3,7.5,16.2,85.0,Debit Card
ORD0386,2025-08-09,CUST386,Pitta Bread,Bakery,2.9,5,1.2,8.5,50.0,Debit Card
ORD0387,2025-08-02,CUST322,Soppressata Calabrese 350g,Cured Meat,10.5,1,6.8,3.7,131.0,PayPal
ORD0388,2025-04-27,CUST135,Orange Marmalade 300g,Preserves,5.5,2,2.7,5.6,102.0,PayPal
ORD0389,2025-09-09,CUST386,Truffle Pasta 250g,Pasta,7.9,4,4.8,12.4,145.0,Credit Card
ORD0390,2025-01-16,CUST238,Extra Virgin Olive Oil 750ml,Olive Oil,15.9,2,9.5,12.8,16.0,Debit Card
ORD0391,2025-05-29,CUST268,Orecchiette 500g,Pasta,3.9,2,1.9,4.0,83.0,Credit Card
ORD0392,2025-04-24,CUST752,Gorgonzola Dolce 300g,Cheese,5.9,5,3.6,11.5,7.0,Credit Card
ORD0393,2025-11-11,CUST697,Pitta Bread,Bakery,2.9,4,1.2,6.8,55.0,PayPal
ORD0394,2025-05-27,CUST194,Pancetta Arrotolata 250g,Cured Meat,6.9,4,4.1,11.2,95.0,Debit Card
ORD0395,2025-12-24,CUST653,Barolo Riserva 750ml,Wine,49.9,4,29.3,82.4,66.0,PayPal
ORD0396,2025-12-28,CUST948,Extra Virgin Olive Oil 750ml,Olive Oil,15.9,4,9.5,25.6,144.0,Cash
ORD0397,2025-11-08,CUST317,Linguine Artisan 500g,Pasta,4.2,3,2.1,6.3,126.0,Debit Card
ORD0398,2025-09-25,CUST315,Speck Alto Adige 250g,Cured Meat,7.8,5,4.9,14.5,73.0,Debit Card
ORD0399,2025-05-28,CUST335,Gorgonzola Dolce 300g,Cheese,5.9,4,3.6,9.2,143.0,Credit Card
ORD0400,2025-08-26,CUST690,Montepulciano d'Abruzzo Elévito 750ml,Wine,84.9,3,66.3,55.8,62.0,PayPal
ORD0401,2025-03-02,CUST335,Extra Virgin Olive Oil 750ml,Olive Oil,15.9,1,9.5,6.4,110.0,Debit Card
ORD0402,2025-10-22,CUST494,Montepulciano d'Abruzzo Elévito 750ml,Wine,84.9,4,66.3,74.4,12.0,PayPal
ORD0403,2025-03-13,CUST178,Pancetta Arrotolata 250g,Cured Meat,6.9,4,4.1,11.2,117.0,Debit Card
ORD0404,2025-03-15,CUST909,Pancetta Arrotolata 250g,Cured Meat,6.9,2,4.1,5.6,55.0,Cash
ORD0405,2025-05-22,CUST112,Soppressata Calabrese 350g,Cured Meat,10.5,4,6.8,14.8,31.0,Debit Card
ORD0406,2025-05-11,CUST554,Orange Marmalade 300g,Preserves,5.5,2,2.7,5.6,42.0,Debit Card
ORD0407,2025-08-01,CUST340,Focaccia Genovese,Bakery,5.5,1,2.8,2.7,0.0,PayPal
ORD0408,2025-05-25,CUST438,Pecorino Romano 500g,Cheese,13.5,2,9.1,8.8,93.0,PayPal
ORD0409,2025-06-17,CUST870,Garlic Bread,Bakery,3.5,1,1.4,2.1,17.0,Credit Card
ORD0410,2025-06-29,CUST695,Barolo Riserva 750ml,Wine,49.9,1,29.3,20.6,68.0,Debit Card
ORD0411,2025-02-22,CUST713,Fig Jam 300g,Preserves,5.9,3,2.9,9.0,55.0,PayPal
ORD0412,2025-12-12,CUST888,Garlic Bread,Bakery,3.5,5,1.4,10.5,69.0,Cash
ORD0413,2025-10-22,CUST293,Nero d'Avola 750ml,Wine,16.5,3,10.2,18.9,23.0,Debit Card
ORD0414,2025-11-03,CUST308,Pancetta Arrotolata 250g,Cured Meat,6.9,5,4.1,14.0,149.0,Cash
ORD0415,2025-11-11,CUST839,Barolo Riserva 750ml,Wine,49.9,5,29.3,103.0,141.0,Debit Card
ORD0416,2025-05-12,CUST335,Fresh Pasta 500g,Pasta,4.5,2,2.2,4.6,18.0,Credit Card
ORD0417,2025-12-01,CUST855,Pitta Bread,Bakery,2.9,5,1.2,8.5,122.0,Cash
ORD0418,2025-12-15,CUST881,Salame Napoli 300g,Cured Meat,6.5,3,3.9,7.8,52.0,Cash
ORD0419,2025-07-15,CUST677,Soppressata Calabrese 350g,Cured Meat,10.5,4,6.8,14.8,70.0,Cash
ORD0420,2025-02-23,CUST199,Gorgonzola Dolce 300g,Cheese,5.9,4,3.6,9.2,132.0,Credit Card
ORD0421,2025-01-29,CUST502,Prosciutto Crudo 200g,Cured Meat,8.9,5,5.4,17.5,149.0,Debit Card
ORD0422,2025-09-28,CUST853,Gorgonzola Dolce 300g,Cheese,5.9,3,3.6,6.9,113.0,Debit Card
ORD0423,2025-01-28,CUST384,Ravioli Ricotta & Spinach 400g,Pasta,6.8,1,4.1,2.7,64.0,Credit Card
ORD0424,2025-02-16,CUST882,Orecchiette 500g,Pasta,3.9,3,1.9,6.0,74.0,Cash
ORD0425,2025-03-07,CUST711,Pecorino Romano 500g,Cheese,13.5,1,9.1,4.4,109.0,Cash
ORD0426,2025-02-08,CUST136,Truffle Pasta 250g,Pasta,7.9,4,4.8,12.4,14.0,PayPal
ORD0427,2025-08-15,CUST752,Parmigiano Reggiano 1kg,Cheese,27.9,3,18.5,28.2,113.0,PayPal
ORD0428,2025-09-17,CUST388,Ravioli Ricotta & Spinach 400g,Pasta,6.8,1,4.1,2.7,126.0,Debit Card
ORD0429,2025-10-31,CUST454,Orange Marmalade 300g,Preserves,5.5,2,2.7,5.6,46.0,Cash
ORD0430,2025-05-21,CUST824,Soppressata Calabrese 350g,Cured Meat,10.5,3,6.8,11.1,89.0,Cash
ORD0431,2025-02-08,CUST902,Ravioli Ricotta & Spinach 400g,Pasta,6.8,1,4.1,2.7,31.0,Credit Card
ORD0432,2025-07-17,CUST243,Extra Virgin Olive Oil 750ml,Olive Oil,15.9,4,9.5,25.6,1.0,PayPal
ORD0433,2025-07-27,CUST431,Artichoke Spread 200g,Preserves,6.8,3,3.5,9.9,118.0,Debit Card
ORD0434,2025-04-12,CUST567,Nero d'Avola 750ml,Wine,16.5,5,10.2,31.5,145.0,Debit Card
ORD0435,2025-01-30,CUST645,Ravioli Ricotta & Spinach 400g,Pasta,6.8,4,4.1,10.8,116.0,Cash
ORD0436,2025-05-01,CUST155,Prosecco DOC 750ml,Wine,12.9,5,7.5,27.0,82.0,Debit Card
ORD0437,2025-07-01,CUST386,Barolo Riserva 750ml,Wine,49.9,2,29.3,41.2,54.0,PayPal
ORD0438,2025-09-17,CUST159,Gorgonzola Dolce 300g,Cheese,5.9,4,3.6,9.2,67.0,Cash
ORD0439,2025-08-13,CUST870,Parmigiano Reggiano 1kg,Cheese,27.9,4,18.5,37.6,98.0,PayPal
ORD0440,2025-05-12,CUST219,Ravioli Ricotta & Spinach 400g,Pasta,6.8,3,4.1,8.1,19.0,Debit Card
ORD0441,2025-04-13,CUST194,Orecchiette 500g,Pasta,3.9,5,1.9,10.0,92.0,PayPal
ORD0442,2025-02-13,CUST208,Focaccia Genovese,Bakery,5.5,1,2.8,2.7,78.0,Cash
ORD0443,2025-12-14,CUST487,Truffle Pasta 250g,Pasta,7.9,1,4.8,3.1,38.0,Credit Card
ORD0444,2025-07-12,CUST998,Chili Pepper Jam 200g,Preserves,6.2,4,3.1,12.4,36.0,PayPal
ORD0445,2025-12-16,CUST792,Prosecco DOC 750ml,Wine,12.9,3,7.5,16.2,86.0,PayPal
ORD0446,2025-04-25,CUST819,Chili Pepper Jam 200g,Preserves,6.2,1,3.1,3.1,88.0,PayPal
ORD0447,2025-10-09,CUST265,Speck Alto Adige 250g,Cured Meat,7.8,3,4.9,8.7,109.0,Credit Card
ORD0448,2025-04-04,CUST302,Chianti Classico 750ml,Wine,18.9,3,11.5,22.2,8.0,Cash
ORD0449,2025-08-16,CUST387,Ravioli Ricotta & Spinach 400g,Pasta,6.8,5,4.1,13.5,118.0,PayPal
ORD0450,2025-05-02,CUST753,Chianti Classico 750ml,Wine,18.9,3,11.5,22.2,64.0,Debit Card
ORD0451,2025-06-28,CUST348,Gorgonzola Dolce 300g,Cheese,5.9,1,3.6,2.3,39.0,Debit Card
ORD0452,2025-08-30,CUST884,Truffle Pasta 250g,Pasta,7.9,3,4.8,9.3,113.0,Debit Card
ORD0453,2025-11-22,CUST960,Soppressata Calabrese 350g,Cured Meat,10.5,1,6.8,3.7,31.0,PayPal
ORD0454,2025-10-27,CUST272,Fig Jam 300g,Preserves,5.9,4,2.9,12.0,16.0,Credit Card
ORD0455,2025-06-01,CUST143,Organic Olive Oil 1L,Olive Oil,18.5,5,11.2,36.5,150.0,Cash
ORD0456,2025-05-06,CUST502,Nero d'Avola 750ml,Wine,16.5,1,10.2,6.3,19.0,PayPal
ORD0457,2025-10-06,CUST345,Fig Jam 300g,Preserves,5.9,5,2.9,15.0,31.0,Debit Card
ORD0458,2025-10-23,CUST101,Linguine Artisan 500g,Pasta,4.2,5,2.1,10.5,145.0,PayPal
ORD0459,2025-11-07,CUST955,Orecchiette 500g,Pasta,3.9,3,1.9,6.0,98.0,Cash
ORD0460,2025-01-05,CUST998,Prosciutto Crudo 200g,Cured Meat,8.9,3,5.4,10.5,73.0,Cash
ORD0461,2025-01-05,CUST673,Salame Napoli 300g,Cured Meat,6.5,5,3.9,13.0,125.0,Debit Card
ORD0462,2025-01-08,CUST709,Garlic Bread,Bakery,3.5,3,1.4,6.3,144.0,Debit Card
ORD0463,2025-12-29,CUST776,Pecorino Romano 500g,Cheese,13.5,2,9.1,8.8,3.0,PayPal
ORD0464,2025-09-20,CUST103,Ravioli Ricotta & Spinach 400g,Pasta,6.8,5,4.1,13.5,64.0,Credit Card
ORD0465,2025-08-26,CUST105,Ravioli Ricotta & Spinach 400g,Pasta,6.8,3,4.1,8.1,53.0,Cash
ORD0466,2025-06-12,CUST457,Chili Pepper Jam 200g,Preserves,6.2,3,3.1,9.3,124.0,PayPal
ORD0467,2025-08-25,CUST206,Pancetta Arrotolata 250g,Cured Meat,6.9,3,4.1,8.4,90.0,Credit Card
ORD0468,2025-05-18,CUST407,Organic Olive Oil 1L,Olive Oil,18.5,2,11.2,14.6,15.0,Debit Card
ORD0469,2025-04-27,CUST587,Parmigiano Reggiano 1kg,Cheese,27.9,3,18.5,28.2,133.0,PayPal
ORD0470,2025-08-24,CUST259,Chianti Classico 750ml,Wine,18.9,4,11.5,29.6,29.0,Cash
ORD0471,2025-03-30,CUST381,Salame Napoli 300g,Cured Meat,6.5,4,3.9,10.4,132.0,Credit Card
ORD0472,2025-12-30,CUST577,Nero d'Avola 750ml,Wine,16.5,1,10.2,6.3,89.0,Debit Card
ORD0473,2025-09-17,CUST498,Focaccia Genovese,Bakery,5.5,3,2.8,8.1,52.0,PayPal
ORD0474,2025-09-26,CUST517,Salame Napoli 300g,Cured Meat,6.5,3,3.9,7.8,83.0,Credit Card
ORD0475,2025-02-19,CUST959,Pitta Bread,Bakery,2.9,2,1.2,3.4,149.0,PayPal
ORD0476,2025-11-28,CUST213,Parmigiano Reggiano 1kg,Cheese,27.9,3,18.5,28.2,33.0,Credit Card
ORD0477,2025-07-09,CUST672,Prosciutto Crudo 200g,Cured Meat,8.9,5,5.4,17.5,110.0,Credit Card
ORD0478,2025-10-02,CUST687,Pancetta Arrotolata 250g,Cured Meat,6.9,2,4.1,5.6,50.0,Cash
ORD0479,2025-04-04,CUST796,Pancetta Arrotolata 250g,Cured Meat,6.9,4,4.1,11.2,71.0,Debit Card
ORD0480,2025-09-22,CUST309,Gorgonzola Dolce 300g,Cheese,5.9,4,3.6,9.2,147.0,PayPal
ORD0481,2025-10-13,CUST758,Soppressata Calabrese 350g,Cured Meat,10.5,1,6.8,3.7,57.0,Debit Card
ORD0482,2025-09-14,CUST725,Salame Napoli 300g,Cured Meat,6.5,4,3.9,10.4,57.0,Debit Card
ORD0483,2025-03-27,CUST557,Prosecco DOC 750ml,Wine,12.9,3,7.5,16.2,114.0,Cash
ORD0484,2025-06-30,CUST804,Speck Alto Adige 250g,Cured Meat,7.8,2,4.9,5.8,57.0,PayPal
ORD0485,2025-01-17,CUST537,Salame Napoli 300g,Cured Meat,6.5,5,3.9,13.0,144.0,PayPal
ORD0486,2025-01-02,CUST182,Orecchiette 500g,Pasta,3.9,3,1.9,6.0,122.0,Debit Card
ORD0487,2025-07-10,CUST163,Prosecco DOC 750ml,Wine,12.9,3,7.5,16.2,109.0,Cash
ORD0488,2025-08-19,CUST569,Fresh Pasta 500g,Pasta,4.5,3,2.2,6.9,53.0,Cash
ORD0489,2025-09-04,CUST835,Extra Virgin Olive Oil 750ml,Olive Oil,15.9,2,9.5,12.8,7.0,PayPal
ORD0490,2025-09-04,CUST127,Garlic Bread,Bakery,3.5,2,1.4,4.2,1.0,Credit Card
ORD0491,2025-06-17,CUST534,Burrata 250g,Cheese,4.9,5,2.7,11.0,49.0,Credit Card
ORD0492,2025-11-03,CUST989,Barolo Riserva 750ml,Wine,49.9,4,29.3,82.4,135.0,Debit Card
ORD0493,2025-09-11,CUST117,Ravioli Ricotta & Spinach 400g,Pasta,6.8,4,4.1,10.8,65.0,Cash
ORD0494,2025-08-16,CUST558,Parmigiano Reggiano 1kg,Cheese,27.9,3,18.5,28.2,132.0,Cash
ORD0495,2025-08-30,CUST426,Salame Napoli 300g,Cured Meat,6.5,4,3.9,10.4,27.0,PayPal
ORD0496,2025-11-11,CUST839,Prosciutto Crudo 200g,Cured Meat,8.9,3,5.4,10.5,123.0,PayPal
ORD0497,2025-07-22,CUST547,Gorgonzola Dolce 300g,Cheese,5.9,1,3.6,2.3,107.0,Cash
ORD0498,2025-04-25,CUST570,Extra Virgin Olive Oil 750ml,Olive Oil,15.9,5,9.5,32.0,3.0,Credit Card
ORD0499,2025-01-17,CUST750,Organic Olive Oil 1L,Olive Oil,18.5,2,11.2,14.6,148.0,Cash
ORD0500,2025-09-29,CUST382,Truffle Olive Oil 250ml,Olive Oil,12.9,2,7.9,10.0,138.0,Debit Card
ORD0501,2025-04-15,CUST769,Extra Virgin Olive Oil 750ml,Olive Oil,15.9,4,9.5,25.6,64.0,Credit Card
ORD0502,2025-03-12,CUST402,Organic Olive Oil 1L,Olive Oil,18.5,4,11.2,29.2,17.0,PayPal
ORD0503,2025-02-06,CUST804,Organic Olive Oil 1L,Olive Oil,18.5,4,11.2,29.2,55.0,PayPal
ORD0504,2025-01-25,CUST412,Taralli Pugliesi 400g,Bakery,4.9,2,2.4,5.0,88.0,Cash
ORD0505,2025-05-23,CUST107,Soppressata Calabrese 350g,Cured Meat,10.5,4,6.8,14.8,64.0,Debit Card
ORD0506,2025-12-06,CUST990,Montepulciano d'Abruzzo Elévito 750ml,Wine,84.9,4,66.3,74.4,15.0,Credit Card
ORD0507,2025-09-08,CUST337,Fig Jam 300g,Preserves,5.9,4,2.9,12.0,103.0,Cash
ORD0508,2025-12-07,CUST265,Prosecco DOC 750ml,Wine,12.9,2,7.5,10.8,92.0,Cash
ORD0509,2025-05-15,CUST627,Chianti Classico 750ml,Wine,18.9,5,11.5,37.0,101.0,Credit Card
ORD0510,2025-12-21,CUST356,Orange Marmalade 300g,Preserves,5.5,1,2.7,2.8,64.0,PayPal
ORD0511,2025-04-29,CUST474,Truffle Pasta 250g,Pasta,7.9,4,4.8,12.4,127.0,Cash
ORD0512,2025-02-14,CUST276,Taralli Pugliesi 400g,Bakery,4.9,1,2.4,2.5,57.0,Credit Card
ORD0513,2025-03-26,CUST373,Nero d'Avola 750ml,Wine,16.5,2,10.2,12.6,75.0,Debit Card
ORD0514,2025-07-12,CUST334,Fresh Pasta 500g,Pasta,4.5,2,2.2,4.6,103.0,Credit Card
ORD0515,2025-05-16,CUST500,Soppressata Calabrese 350g,Cured Meat,10.5,5,6.8,18.5,68.0,Debit Card
ORD0516,2025-02-21,CUST415,Fresh Pasta 500g,Pasta,4.5,1,2.2,2.3,118.0,Cash
ORD0517,2025-05-07,CUST745,Nero d'Avola 750ml,Wine,16.5,2,10.2,12.6,27.0,Cash
ORD0518,2025-07-14,CUST803,Truffle Pasta 250g,Pasta,7.9,4,4.8,12.4,0.0,Debit Card
ORD0519,2025-06-02,CUST317,Salame Napoli 300g,Cured Meat,6.5,3,3.9,7.8,147.0,PayPal
ORD0520,2025-05-22,CUST353,Orecchiette 500g,Pasta,3.9,4,1.9,8.0,122.0,PayPal
ORD0521,2025-04-28,CUST570,Ravioli Ricotta & Spinach 400g,Pasta,6.8,3,4.1,8.1,50.0,Credit Card
ORD0522,2025-12-26,CUST397,Fig Jam 300g,Preserves,5.9,1,2.9,3.0,6.0,PayPal
ORD0523,2025-10-14,CUST969,Prosciutto Crudo 200g,Cured Meat,8.9,3,5.4,10.5,90.0,PayPal
ORD0524,2025-06-25,CUST445,Barolo Riserva 750ml,Wine,49.9,4,29.3,82.4,117.0,Credit Card
ORD0525,2025-03-24,CUST822,Soppressata Calabrese 350g,Cured Meat,10.5,1,6.8,3.7,103.0,Cash
ORD0526,2025-07-30,CUST239,Linguine Artisan 500g,Pasta,4.2,5,2.1,10.5,51.0,Credit Card
ORD0527,2025-08-26,CUST547,Taralli Pugliesi 400g,Bakery,4.9,1,2.4,2.5,49.0,PayPal
ORD0528,2025-10-05,CUST341,Organic Olive Oil 1L,Olive Oil,18.5,1,11.2,7.3,14.0,PayPal
ORD0529,2025-06-12,CUST175,Ravioli Ricotta & Spinach 400g,Pasta,6.8,4,4.1,10.8,113.0,Debit Card
ORD0530,2025-07-06,CUST763,Orange Marmalade 300g,Preserves,5.5,1,2.7,2.8,54.0,Credit Card
ORD0531,2025-05-12,CUST346,Taralli Pugliesi 400g,Bakery,4.9,4,2.4,10.0,149.0,Credit Card
ORD0532,2025-11-05,CUST603,Garlic Bread,Bakery,3.5,4,1.4,8.4,93.0,PayPal
ORD0533,2025-06-11,CUST918,Fresh Pasta 500g,Pasta,4.5,2,2.2,4.6,39.0,Debit Card
ORD0534,2025-02-14,CUST614,Soppressata Calabrese 350g,Cured Meat,10.5,3,6.8,11.1,97.0,Cash
ORD0535,2025-06-05,CUST554,Orange Marmalade 300g,Preserves,5.5,1,2.7,2.8,117.0,Credit Card
ORD0536,2025-05-11,CUST319,Pitta Bread,Bakery,2.9,1,1.2,1.7,21.0,PayPal
ORD0537,2025-01-07,CUST346,Garlic Bread,Bakery,3.5,5,1.4,10.5,36.0,Cash
ORD0538,2025-10-17,CUST790,Extra Virgin Olive Oil 750ml,Olive Oil,15.9,2,9.5,12.8,117.0,Credit Card
ORD0539,2025-05-21,CUST106,Parmigiano Reggiano 1kg,Cheese,27.9,1,18.5,9.4,139.0,Credit Card
ORD0540,2025-04-18,CUST419,Pecorino Romano 500g,Cheese,13.5,2,9.1,8.8,121.0,Debit Card
ORD0541,2025-02-27,CUST934,Linguine Artisan 500g,Pasta,4.2,1,2.1,2.1,41.0,Cash
ORD0542,2025-10-10,CUST554,Linguine Artisan 500g,Pasta,4.2,3,2.1,6.3,7.0,Cash
ORD0543,2025-02-28,CUST302,Gorgonzola Dolce 300g,Cheese,5.9,1,3.6,2.3,90.0,Credit Card
ORD0544,2025-03-16,CUST906,Chili Pepper Jam 200g,Preserves,6.2,3,3.1,9.3,68.0,Debit Card
ORD0545,2025-07-21,CUST886,Focaccia Genovese,Bakery,5.5,5,2.8,13.5,110.0,Debit Card
ORD0546,2025-09-04,CUST729,Pitta Bread,Bakery,2.9,3,1.2,5.1,61.0,PayPal
ORD0547,2025-05-10,CUST933,Orange Marmalade 300g,Preserves,5.5,4,2.7,11.2,106.0,PayPal
ORD0548,2025-03-05,CUST765,Ravioli Ricotta & Spinach 400g,Pasta,6.8,1,4.1,2.7,52.0,Debit Card
ORD0549,2025-03-25,CUST395,Pancetta Arrotolata 250g,Cured Meat,6.9,2,4.1,5.6,16.0,Credit Card
ORD0550,2025-07-28,CUST669,Parmigiano Reggiano 1kg,Cheese,27.9,3,18.5,28.2,6.0,Cash
ORD0551,2025-02-23,CUST477,Prosciutto Crudo 200g,Cured Meat,8.9,3,5.4,10.5,99.0,Debit Card
ORD0552,2025-12-03,CUST717,Truffle Pasta 250g,Pasta,7.9,2,4.8,6.2,9.0,Debit Card
ORD0553,2025-08-25,CUST351,Organic Olive Oil 1L,Olive Oil,18.5,2,11.2,14.6,71.0,Cash
ORD0554,2025-01-12,CUST949,Chianti Classico 750ml,Wine,18.9,2,11.5,14.8,65.0,Credit Card
ORD0555,2025-08-19,CUST327,Speck Alto Adige 250g,Cured Meat,7.8,2,4.9,5.8,106.0,Cash
ORD0556,2025-03-21,CUST667,Prosecco DOC 750ml,Wine,12.9,4,7.5,21.6,17.0,PayPal
ORD0557,2025-05-05,CUST448,Nero d'Avola 750ml,Wine,16.5,2,10.2,12.6,42.0,Cash
ORD0558,2025-03-24,CUST141,Taralli Pugliesi 400g,Bakery,4.9,5,2.4,12.5,74.0,PayPal
ORD0559,2025-01-29,CUST316,Artichoke Spread 200g,Preserves,6.8,2,3.5,6.6,32.0,Debit Card
ORD0560,2025-02-04,CUST923,Parmigiano Reggiano 500g,Cheese,14.9,2,9.2,11.4,150.0,Cash
ORD0561,2025-03-03,CUST430,Pancetta Arrotolata 250g,Cured Meat,6.9,5,4.1,14.0,137.0,Credit Card
ORD0562,2025-02-26,CUST242,Prosciutto Crudo 200g,Cured Meat,8.9,2,5.4,7.0,104.0,Cash
ORD0563,2025-06-17,CUST596,Organic Olive Oil 1L,Olive Oil,18.5,4,11.2,29.2,52.0,PayPal
ORD0564,2025-12-18,CUST541,Truffle Pasta 250g,Pasta,7.9,1,4.8,3.1,85.0,Cash
ORD0565,2025-05-04,CUST926,Pitta Bread,Bakery,2.9,1,1.2,1.7,50.0,Credit Card
ORD0566,2025-12-14,CUST955,Linguine Artisan 500g,Pasta,4.2,5,2.1,10.5,17.0,PayPal
ORD0567,2025-05-24,CUST133,Prosciutto Crudo 200g,Cured Meat,8.9,3,5.4,10.5,70.0,Debit Card
ORD0568,2025-11-13,CUST967,Orecchiette 500g,Pasta,3.9,2,1.9,4.0,118.0,Credit Card
ORD0569,2025-02-04,CUST591,Linguine Artisan 500g,Pasta,4.2,5,2.1,10.5,95.0,Credit Card
ORD0570,2025-12-04,CUST491,Taralli Pugliesi 400g,Bakery,4.9,2,2.4,5.0,38.0,Debit Card
ORD0571,2025-09-19,CUST262,Montepulciano d'Abruzzo Elévito 750ml,Wine,84.9,3,66.3,55.8,138.0,Cash
ORD0572,2025-02-05,CUST800,Garlic Bread,Bakery,3.5,2,1.4,4.2,115.0,PayPal
ORD0573,2025-12-13,CUST628,Montepulciano d'Abruzzo Elévito 750ml,Wine,84.9,2,66.3,37.2,40.0,Cash
ORD0574,2025-04-07,CUST403,Nero d'Avola 750ml,Wine,16.5,1,10.2,6.3,51.0,PayPal
ORD0575,2025-11-16,CUST450,Taralli Pugliesi 400g,Bakery,4.9,5,2.4,12.5,92.0,Debit Card
ORD0576,2025-06-01,CUST143,Parmigiano Reggiano 500g,Cheese,14.9,5,9.2,28.5,99.0,PayPal
ORD0577,2025-07-23,CUST282,Pitta Bread,Bakery,2.9,1,1.2,1.7,110.0,Credit Card
ORD0578,2025-04-27,CUST936,Orange Marmalade 300g,Preserves,5.5,1,2.7,2.8,21.0,Credit Card
ORD0579,2025-08-06,CUST389,Extra Virgin Olive Oil 750ml,Olive Oil,15.9,5,9.5,32.0,16.0,Debit Card
ORD0580,2025-04-30,CUST795,Parmigiano Reggiano 500g,Cheese,14.9,2,9.2,11.4,50.0,PayPal
ORD0581,2025-02-03,CUST626,Fig Jam 300g,Preserves,5.9,2,2.9,6.0,58.0,PayPal
ORD0582,2025-02-10,CUST185,Prosciutto Crudo 200g,Cured Meat,8.9,2,5.4,7.0,121.0,PayPal
ORD0583,2025-07-04,CUST465,Ravioli Ricotta & Spinach 400g,Pasta,6.8,5,4.1,13.5,10.0,PayPal
ORD0584,2025-08-17,CUST430,Salame Napoli 300g,Cured Meat,6.5,4,3.9,10.4,117.0,Cash
ORD0585,2025-01-09,CUST113,Ravioli Ricotta & Spinach 400g,Pasta,6.8,2,4.1,5.4,149.0,Credit Card
ORD0586,2025-12-25,CUST844,Speck Alto Adige 250g,Cured Meat,7.8,5,4.9,14.5,1.0,Cash
ORD0587,2025-08-20,CUST418,Pancetta Arrotolata 250g,Cured Meat,6.9,2,4.1,5.6,44.0,Cash
ORD0588,2025-09-03,CUST685,Truffle Pasta 250g,Pasta,7.9,2,4.8,6.2,14.0,Cash
ORD0589,2025-03-06,CUST100,Focaccia Genovese,Bakery,5.5,5,2.8,13.5,33.0,PayPal
ORD0590,2025-05-05,CUST236,Burrata 250g,Cheese,4.9,3,2.7,6.6,61.0,PayPal
ORD0591,2025-10-20,CUST179,Pitta Bread,Bakery,2.9,2,1.2,3.4,127.0,Credit Card
ORD0592,2025-11-23,CUST308,Pancetta Arrotolata 250g,Cured Meat,6.9,4,4.1,11.2,27.0,PayPal
ORD0593,2025-01-20,CUST648,Garlic Bread,Bakery,3.5,4,1.4,8.4,52.0,Cash
ORD0594,2025-08-22,CUST721,Linguine Artisan 500g,Pasta,4.2,3,2.1,6.3,8.0,Cash
ORD0595,2025-11-06,CUST744,Linguine Artisan 500g,Pasta,4.2,4,2.1,8.4,110.0,PayPal
ORD0596,2025-08-02,CUST119,Chianti Classico 750ml,Wine,18.9,3,11.5,22.2,127.0,Cash
ORD0597,2025-09-03,CUST674,Fig Jam 300g,Preserves,5.9,5,2.9,15.0,121.0,Cash
ORD0598,2025-12-19,CUST244,Garlic Bread,Bakery,3.5,2,1.4,4.2,86.0,Cash
ORD0599,2025-05-22,CUST483,Parmigiano Reggiano 1kg,Cheese,27.9,5,18.5,47.0,122.0,PayPal
ORD0600,2025-08-23,CUST701,Prosciutto Crudo 200g,Cured Meat,8.9,1,5.4,3.5,131.0,Cash
ORD0601,2025-11-26,CUST346,Pitta Bread,Bakery,2.9,4,1.2,6.8,123.0,Debit Card
ORD0602,2025-12-22,CUST351,Truffle Pasta 250g,Pasta,7.9,4,4.8,12.4,77.0,Credit Card
ORD0603,2025-01-30,CUST660,Pitta Bread,Bakery,2.9,5,1.2,8.5,27.0,Credit Card
ORD0604,2025-04-19,CUST947,Salame Napoli 300g,Cured Meat,6.5,4,3.9,10.4,119.0,PayPal
ORD0605,2025-05-07,CUST740,Nero d'Avola 750ml,Wine,16.5,1,10.2,6.3,22.0,Credit Card
ORD0606,2025-06-08,CUST418,Garlic Bread,Bakery,3.5,5,1.4,10.5,101.0,Credit Card
ORD0607,2025-10-16,CUST494,Artichoke Spread 200g,Preserves,6.8,3,3.5,9.9,58.0,Cash
ORD0608,2025-02-20,CUST827,Linguine Artisan 500g,Pasta,4.2,3,2.1,6.3,84.0,Cash
ORD0609,2025-04-15,CUST872,Truffle Olive Oil 250ml,Olive Oil,12.9,4,7.9,20.0,8.0,PayPal
ORD0610,2025-06-29,CUST460,Pancetta Arrotolata 250g,Cured Meat,6.9,5,4.1,14.0,54.0,Debit Card
ORD0611,2025-07-11,CUST684,Organic Olive Oil 1L,Olive Oil,18.5,5,11.2,36.5,96.0,Cash
ORD0612,2025-04-04,CUST421,Organic Olive Oil 1L,Olive Oil,18.5,3,11.2,21.9,54.0,Credit Card
ORD0613,2025-04-18,CUST475,Artichoke Spread 200g,Preserves,6.8,3,3.5,9.9,79.0,Cash
ORD0614,2025-11-13,CUST189,Gorgonzola Dolce 300g,Cheese,5.9,5,3.6,11.5,119.0,Credit Card
ORD0615,2025-02-12,CUST716,Taralli Pugliesi 400g,Bakery,4.9,1,2.4,2.5,131.0,PayPal
ORD0616,2025-02-14,CUST480,Artichoke Spread 200g,Preserves,6.8,4,3.5,13.2,61.0,Cash
ORD0617,2025-09-15,CUST998,Speck Alto Adige 250g,Cured Meat,7.8,5,4.9,14.5,31.0,Cash
ORD0618,2025-05-24,CUST958,Soppressata Calabrese 350g,Cured Meat,10.5,4,6.8,14.8,108.0,Cash
ORD0619,2025-07-12,CUST592,Fresh Pasta 500g,Pasta,4.5,3,2.2,6.9,103.0,Cash
ORD0620,2025-12-31,CUST298,Artichoke Spread 200g,Preserves,6.8,1,3.5,3.3,38.0,PayPal
ORD0621,2025-08-12,CUST235,Parmigiano Reggiano 500g,Cheese,14.9,2,9.2,11.4,14.0,Cash
ORD0622,2025-09-17,CUST208,Pitta Bread,Bakery,2.9,2,1.2,3.4,47.0,Credit Card
ORD0623,2025-06-25,CUST605,Pancetta Arrotolata 250g,Cured Meat,6.9,3,4.1,8.4,99.0,Cash
ORD0624,2025-03-10,CUST186,Parmigiano Reggiano 1kg,Cheese,27.9,2,18.5,18.8,80.0,Debit Card
ORD0625,2025-12-01,CUST693,Taralli Pugliesi 400g,Bakery,4.9,3,2.4,7.5,46.0,Cash
ORD0626,2025-08-15,CUST709,Parmigiano Reggiano 500g,Cheese,14.9,5,9.2,28.5,127.0,PayPal
ORD0627,2025-11-04,CUST494,Extra Virgin Olive Oil 750ml,Olive Oil,15.9,3,9.5,19.2,84.0,Cash
ORD0628,2025-08-06,CUST704,Nero d'Avola 750ml,Wine,16.5,2,10.2,12.6,13.0,Debit Card
ORD0629,2025-07-25,CUST322,Orange Marmalade 300g,Preserves,5.5,4,2.7,11.2,61.0,Cash
ORD0630,2025-04-22,CUST831,Orange Marmalade 300g,Preserves,5.5,2,2.7,5.6,108.0,Credit Card
ORD0631,2025-02-11,CUST773,Garlic Bread,Bakery,3.5,2,1.4,4.2,77.0,PayPal
ORD0632,2025-10-11,CUST114,Fresh Pasta 500g,Pasta,4.5,3,2.2,6.9,84.0,PayPal
ORD0633,2025-07-22,CUST195,Speck Alto Adige 250g,Cured Meat,7.8,3,4.9,8.7,124.0,Debit Card
ORD0634,2025-07-01,CUST182,Pitta Bread,Bakery,2.9,2,1.2,3.4,66.0,Credit Card
ORD0635,2025-09-08,CUST467,Parmigiano Reggiano 500g,Cheese,14.9,4,9.2,22.8,21.0,Cash
ORD0636,2025-12-16,CUST319,Prosecco DOC 750ml,Wine,12.9,1,7.5,5.4,145.0,Debit Card
ORD0637,2025-11-18,CUST259,Taralli Pugliesi 400g,Bakery,4.9,2,2.4,5.0,65.0,PayPal
ORD0638,2025-01-31,CUST734,Nero d'Avola 750ml,Wine,16.5,1,10.2,6.3,25.0,PayPal
ORD0639,2025-11-04,CUST626,Prosciutto Crudo 200g,Cured Meat,8.9,4,5.4,14.0,79.0,Cash
ORD0640,2025-04-06,CUST809,Prosecco DOC 750ml,Wine,12.9,3,7.5,16.2,10.0,PayPal
ORD0641,2025-08-30,CUST179,Prosciutto Crudo 200g,Cured Meat,8.9,3,5.4,10.5,142.0,Credit Card
ORD0642,2025-03-03,CUST400,Salame Napoli 300g,Cured Meat,6.5,3,3.9,7.8,69.0,Credit Card
ORD0643,2025-08-29,CUST238,Salame Napoli 300g,Cured Meat,6.5,3,3.9,7.8,53.0,PayPal
ORD0644,2025-01-01,CUST634,Truffle Pasta 250g,Pasta,7.9,3,4.8,9.3,15.0,PayPal
ORD0645,2025-12-05,CUST813,Truffle Olive Oil 250ml,Olive Oil,12.9,2,7.9,10.0,87.0,Cash
ORD0646,2025-12-10,CUST523,Truffle Pasta 250g,Pasta,7.9,2,4.8,6.2,127.0,Credit Card
ORD0647,2025-10-24,CUST600,Chili Pepper Jam 200g,Preserves,6.2,3,3.1,9.3,2.0,Credit Card
ORD0648,2025-01-24,CUST733,Garlic Bread,Bakery,3.5,2,1.4,4.2,148.0,PayPal
ORD0649,2025-03-27,CUST282,Nero d'Avola 750ml,Wine,16.5,1,10.2,6.3,2.0,Debit Card
ORD0650,2025-04-07,CUST964,Pecorino Romano 500g,Cheese,13.5,2,9.1,8.8,23.0,Debit Card
ORD0651,2025-10-06,CUST720,Soppressata Calabrese 350g,Cured Meat,10.5,2,6.8,7.4,108.0,Cash
ORD0652,2025-03-28,CUST725,Salame Napoli 300g,Cured Meat,6.5,4,3.9,10.4,117.0,Credit Card
ORD0653,2025-01-04,CUST135,Garlic Bread,Bakery,3.5,2,1.4,4.2,45.0,Debit Card
ORD0654,2025-10-23,CUST449,Speck Alto Adige 250g,Cured Meat,7.8,4,4.9,11.6,97.0,Cash
ORD0655,2025-08-23,CUST600,Focaccia Genovese,Bakery,5.5,1,2.8,2.7,83.0,Credit Card
ORD0656,2025-07-26,CUST307,Truffle Pasta 250g,Pasta,7.9,1,4.8,3.1,25.0,Credit Card
ORD0657,2025-11-02,CUST340,Prosecco DOC 750ml,Wine,12.9,2,7.5,10.8,37.0,Cash
ORD0658,2025-07-13,CUST129,Burrata 250g,Cheese,4.9,4,2.7,8.8,121.0,Cash
ORD0659,2025-09-24,CUST989,Parmigiano Reggiano 500g,Cheese,14.9,3,9.2,17.1,61.0,Debit Card
ORD0660,2025-06-29,CUST965,Orecchiette 500g,Pasta,3.9,4,1.9,8.0,127.0,PayPal
ORD0661,2025-10-04,CUST975,Speck Alto Adige 250g,Cured Meat,7.8,1,4.9,2.9,141.0,Debit Card
ORD0662,2025-03-12,CUST832,Parmigiano Reggiano 1kg,Cheese,27.9,4,18.5,37.6,124.0,Debit Card
ORD0663,2025-10-16,CUST765,Pancetta Arrotolata 250g,Cured Meat,6.9,3,4.1,8.4,142.0,PayPal
ORD0664,2025-12-31,CUST149,Parmigiano Reggiano 1kg,Cheese,27.9,3,18.5,28.2,31.0,PayPal
ORD0665,2025-06-15,CUST387,Nero d'Avola 750ml,Wine,16.5,1,10.2,6.3,48.0,Cash
ORD0666,2025-05-22,CUST184,Soppressata Calabrese 350g,Cured Meat,10.5,3,6.8,11.1,38.0,Credit Card
ORD0667,2025-03-12,CUST312,Parmigiano Reggiano 500g,Cheese,14.9,1,9.2,5.7,29.0,Cash
ORD0668,2025-01-31,CUST979,Chili Pepper Jam 200g,Preserves,6.2,2,3.1,6.2,127.0,Cash
ORD0669,2025-01-11,CUST745,Speck Alto Adige 250g,Cured Meat,7.8,5,4.9,14.5,83.0,PayPal
ORD0670,2025-01-09,CUST535,Organic Olive Oil 1L,Olive Oil,18.5,4,11.2,29.2,8.0,Debit Card
ORD0671,2025-12-02,CUST530,Salame Napoli 300g,Cured Meat,6.5,3,3.9,7.8,6.0,PayPal
ORD0672,2025-05-15,CUST496,Chili Pepper Jam 200g,Preserves,6.2,5,3.1,15.5,86.0,Debit Card
ORD0673,2025-01-07,CUST381,Ravioli Ricotta & Spinach 400g,Pasta,6.8,3,4.1,8.1,86.0,Credit Card
ORD0674,2025-06-02,CUST156,Chili Pepper Jam 200g,Preserves,6.2,4,3.1,12.4,143.0,PayPal
ORD0675,2025-05-29,CUST942,Truffle Pasta 250g,Pasta,7.9,5,4.8,15.5,139.0,Cash
ORD0676,2025-04-23,CUST968,Burrata 250g,Cheese,4.9,2,2.7,4.4,2.0,Credit Card
ORD0677,2025-08-08,CUST632,Chili Pepper Jam 200g,Preserves,6.2,4,3.1,12.4,137.0,PayPal
ORD0678,2025-09-26,CUST485,Pecorino Romano 500g,Cheese,13.5,3,9.1,13.2,132.0,Debit Card
ORD0679,2025-11-17,CUST782,Artichoke Spread 200g,Preserves,6.8,5,3.5,16.5,13.0,Cash
ORD0680,2025-05-20,CUST942,Parmigiano Reggiano 500g,Cheese,14.9,3,9.2,17.1,69.0,PayPal
ORD0681,2025-05-14,CUST350,Gorgonzola Dolce 300g,Cheese,5.9,5,3.6,11.5,60.0,PayPal
ORD0682,2025-09-26,CUST169,Linguine Artisan 500g,Pasta,4.2,5,2.1,10.5,146.0,Credit Card
ORD0683,2025-05-25,CUST478,Nero d'Avola 750ml,Wine,16.5,5,10.2,31.5,50.0,Debit Card
ORD0684,2025-04-09,CUST274,Fresh Pasta 500g,Pasta,4.5,5,2.2,11.5,115.0,Cash
ORD0685,2025-03-16,CUST173,Orange Marmalade 300g,Preserves,5.5,2,2.7,5.6,106.0,Credit Card
ORD0686,2025-05-06,CUST623,Barolo Riserva 750ml,Wine,49.9,3,29.3,61.8,124.0,Cash
ORD0687,2025-11-09,CUST487,Extra Virgin Olive Oil 750ml,Olive Oil,15.9,2,9.5,12.8,97.0,Credit Card
ORD0688,2025-09-30,CUST538,Orange Marmalade 300g,Preserves,5.5,3,2.7,8.4,65.0,Cash
ORD0689,2025-08-09,CUST355,Fig Jam 300g,Preserves,5.9,1,2.9,3.0,27.0,Credit Card
ORD0690,2025-12-03,CUST634,Chili Pepper Jam 200g,Preserves,6.2,1,3.1,3.1,59.0,Debit Card
ORD0691,2025-01-31,CUST104,Barolo Riserva 750ml,Wine,49.9,2,29.3,41.2,139.0,Debit Card
ORD0692,2025-11-24,CUST480,Linguine Artisan 500g,Pasta,4.2,1,2.1,2.1,138.0,Credit Card
ORD0693,2025-12-22,CUST872,Extra Virgin Olive Oil 750ml,Olive Oil,15.9,3,9.5,19.2,63.0,Credit Card
ORD0694,2025-10-20,CUST224,Orange Marmalade 300g,Preserves,5.5,5,2.7,14.0,128.0,PayPal
ORD0695,2025-02-23,CUST779,Extra Virgin Olive Oil 750ml,Olive Oil,15.9,4,9.5,25.6,35.0,Cash
ORD0696,2025-08-06,CUST905,Chianti Classico 750ml,Wine,18.9,3,11.5,22.2,126.0,Debit Card
ORD0697,2025-12-09,CUST120,Burrata 250g,Cheese,4.9,3,2.7,6.6,120.0,Debit Card
ORD0698,2025-06-22,CUST699,Organic Olive Oil 1L,Olive Oil,18.5,3,11.2,21.9,33.0,Cash
ORD0699,2025-01-01,CUST408,Extra Virgin Olive Oil 750ml,Olive Oil,15.9,5,9.5,32.0,99.0,Debit Card
ORD0700,2025-05-09,CUST986,Truffle Olive Oil 250ml,Olive Oil,12.9,1,7.9,5.0,31.0,Debit Card
ORD0701,2025-04-06,CUST123,Pitta Bread,Bakery,2.9,3,1.2,5.1,138.0,Debit Card
ORD0702,2025-12-29,CUST939,Orecchiette 500g,Pasta,3.9,5,1.9,10.0,141.0,Debit Card
ORD0703,2025-05-13,CUST688,Pitta Bread,Bakery,2.9,3,1.2,5.1,54.0,PayPal
ORD0704,2025-07-03,CUST664,Chili Pepper Jam 200g,Preserves,6.2,4,3.1,12.4,87.0,Cash
ORD0705,2025-09-22,CUST127,Pancetta Arrotolata 250g,Cured Meat,6.9,5,4.1,14.0,128.0,Cash
ORD0706,2025-01-01,CUST256,Prosecco DOC 750ml,Wine,12.9,3,7.5,16.2,137.0,Cash
ORD0707,2025-09-25,CUST472,Truffle Pasta 250g,Pasta,7.9,1,4.8,3.1,4.0,PayPal
ORD0708,2025-10-14,CUST317,Parmigiano Reggiano 1kg,Cheese,27.9,3,18.5,28.2,30.0,Credit Card
ORD0709,2025-12-29,CUST763,Fresh Pasta 500g,Pasta,4.5,1,2.2,2.3,122.0,Credit Card
ORD0710,2025-03-29,CUST307,Gorgonzola Dolce 300g,Cheese,5.9,1,3.6,2.3,17.0,PayPal
ORD0711,2025-04-11,CUST743,Taralli Pugliesi 400g,Bakery,4.9,4,2.4,10.0,72.0,Credit Card
ORD0712,2025-06-25,CUST812,Salame Napoli 300g,Cured Meat,6.5,4,3.9,10.4,136.0,PayPal
ORD0713,2025-04-05,CUST109,Chili Pepper Jam 200g,Preserves,6.2,1,3.1,3.1,62.0,Cash
ORD0714,2025-08-24,CUST320,Taralli Pugliesi 400g,Bakery,4.9,5,2.4,12.5,18.0,Cash
ORD0715,2025-05-03,CUST166,Salame Napoli 300g,Cured Meat,6.5,2,3.9,5.2,87.0,PayPal
ORD0716,2025-02-05,CUST592,Chili Pepper Jam 200g,Preserves,6.2,2,3.1,6.2,88.0,Credit Card
ORD0717,2025-04-15,CUST946,Truffle Olive Oil 250ml,Olive Oil,12.9,4,7.9,20.0,19.0,Credit Card
ORD0718,2025-10-05,CUST770,Linguine Artisan 500g,Pasta,4.2,3,2.1,6.3,100.0,Debit Card
ORD0719,2025-11-21,CUST385,Parmigiano Reggiano 500g,Cheese,14.9,3,9.2,17.1,112.0,PayPal
ORD0720,2025-06-06,CUST965,Fig Jam 300g,Preserves,5.9,4,2.9,12.0,7.0,Credit Card
ORD0721,2025-01-19,CUST917,Speck Alto Adige 250g,Cured Meat,7.8,3,4.9,8.7,149.0,Cash
ORD0722,2025-01-01,CUST387,Prosciutto Crudo 200g,Cured Meat,8.9,4,5.4,14.0,100.0,Credit Card
ORD0723,2025-03-19,CUST217,Speck Alto Adige 250g,Cured Meat,7.8,2,4.9,5.8,20.0,Cash
ORD0724,2025-05-09,CUST454,Orange Marmalade 300g,Preserves,5.5,1,2.7,2.8,146.0,Debit Card
ORD0725,2025-06-08,CUST215,Salame Napoli 300g,Cured Meat,6.5,2,3.9,5.2,104.0,Credit Card
ORD0726,2025-01-16,CUST559,Pitta Bread,Bakery,2.9,1,1.2,1.7,76.0,PayPal
ORD0727,2025-08-22,CUST229,Salame Napoli 300g,Cured Meat,6.5,1,3.9,2.6,68.0,Credit Card
ORD0728,2025-03-30,CUST963,Ravioli Ricotta & Spinach 400g,Pasta,6.8,5,4.1,13.5,46.0,Credit Card
ORD0729,2025-12-06,CUST856,Ravioli Ricotta & Spinach 400g,Pasta,6.8,5,4.1,13.5,107.0,PayPal
ORD0730,2025-05-18,CUST326,Parmigiano Reggiano 1kg,Cheese,27.9,5,18.5,47.0,29.0,PayPal
ORD0731,2025-02-03,CUST383,Parmigiano Reggiano 500g,Cheese,14.9,5,9.2,28.5,23.0,Debit Card
ORD0732,2025-12-01,CUST394,Linguine Artisan 500g,Pasta,4.2,5,2.1,10.5,11.0,PayPal
ORD0733,2025-09-23,CUST874,Truffle Pasta 250g,Pasta,7.9,2,4.8,6.2,39.0,Cash
ORD0734,2025-01-14,CUST686,Extra Virgin Olive Oil 750ml,Olive Oil,15.9,5,9.5,32.0,84.0,Debit Card
ORD0735,2025-10-05,CUST294,Garlic Bread,Bakery,3.5,4,1.4,8.4,107.0,Debit Card
ORD0736,2025-05-29,CUST221,Chili Pepper Jam 200g,Preserves,6.2,5,3.1,15.5,34.0,PayPal
ORD0737,2025-02-22,CUST718,Taralli Pugliesi 400g,Bakery,4.9,1,2.4,2.5,35.0,PayPal
ORD0738,2025-08-07,CUST371,Linguine Artisan 500g,Pasta,4.2,4,2.1,8.4,124.0,Debit Card
ORD0739,2025-07-31,CUST604,Barolo Riserva 750ml,Wine,49.9,3,29.3,61.8,93.0,PayPal
ORD0740,2025-04-07,CUST275,Linguine Artisan 500g,Pasta,4.2,5,2.1,10.5,19.0,Credit Card
ORD0741,2025-05-31,CUST349,Pitta Bread,Bakery,2.9,2,1.2,3.4,53.0,PayPal
ORD0742,2025-01-29,CUST646,Orange Marmalade 300g,Preserves,5.5,4,2.7,11.2,6.0,Cash
ORD0743,2025-01-24,CUST216,Parmigiano Reggiano 1kg,Cheese,27.9,1,18.5,9.4,112.0,Credit Card
ORD0744,2025-08-15,CUST982,Fig Jam 300g,Preserves,5.9,3,2.9,9.0,22.0,Credit Card
ORD0745,2025-02-13,CUST312,Pancetta Arrotolata 250g,Cured Meat,6.9,2,4.1,5.6,147.0,PayPal
ORD0746,2025-10-27,CUST289,Barolo Riserva 750ml,Wine,49.9,2,29.3,41.2,72.0,Debit Card
ORD0747,2025-07-22,CUST439,Organic Olive Oil 1L,Olive Oil,18.5,5,11.2,36.5,91.0,PayPal
ORD0748,2025-03-25,CUST287,Pitta Bread,Bakery,2.9,1,1.2,1.7,145.0,Credit Card
ORD0749,2025-02-04,CUST837,Salame Napoli 300g,Cured Meat,6.5,1,3.9,2.6,80.0,Cash
ORD0750,2025-08-30,CUST110,Burrata 250g,Cheese,4.9,1,2.7,2.2,103.0,Credit Card
ORD0751,2025-08-06,CUST286,Fig Jam 300g,Preserves,5.9,2,2.9,6.0,147.0,Cash
ORD0752,2025-02-04,CUST149,Barolo Riserva 750ml,Wine,49.9,5,29.3,103.0,63.0,Credit Card
ORD0753,2025-11-10,CUST252,Pancetta Arrotolata 250g,Cured Meat,6.9,5,4.1,14.0,104.0,Debit Card
ORD0754,2025-02-09,CUST329,Prosecco DOC 750ml,Wine,12.9,3,7.5,16.2,36.0,Debit Card
ORD0755,2025-07-12,CUST251,Extra Virgin Olive Oil 750ml,Olive Oil,15.9,3,9.5,19.2,145.0,PayPal
ORD0756,2025-04-23,CUST110,Ravioli Ricotta & Spinach 400g,Pasta,6.8,5,4.1,13.5,101.0,PayPal
ORD0757,2025-10-13,CUST952,Truffle Olive Oil 250ml,Olive Oil,12.9,5,7.9,25.0,139.0,Credit Card
ORD0758,2025-08-24,CUST263,Pecorino Romano 500g,Cheese,13.5,3,9.1,13.2,0.0,Credit Card
ORD0759,2025-09-04,CUST860,Gorgonzola Dolce 300g,Cheese,5.9,3,3.6,6.9,90.0,Cash
ORD0760,2025-06-14,CUST842,Chili Pepper Jam 200g,Preserves,6.2,3,3.1,9.3,104.0,Credit Card
ORD0761,2025-07-07,CUST167,Prosciutto Crudo 200g,Cured Meat,8.9,4,5.4,14.0,25.0,PayPal
ORD0762,2025-09-11,CUST135,Artichoke Spread 200g,Preserves,6.8,5,3.5,16.5,62.0,Cash
ORD0763,2025-05-26,CUST481,Chili Pepper Jam 200g,Preserves,6.2,5,3.1,15.5,24.0,Debit Card
ORD0764,2025-03-04,CUST611,Focaccia Genovese,Bakery,5.5,1,2.8,2.7,75.0,PayPal
ORD0765,2025-10-11,CUST546,Pancetta Arrotolata 250g,Cured Meat,6.9,4,4.1,11.2,4.0,PayPal
ORD0766,2025-05-17,CUST262,Parmigiano Reggiano 1kg,Cheese,27.9,3,18.5,28.2,56.0,Debit Card
ORD0767,2025-04-29,CUST634,Truffle Olive Oil 250ml,Olive Oil,12.9,5,7.9,25.0,64.0,Debit Card
ORD0768,2025-09-15,CUST525,Gorgonzola Dolce 300g,Cheese,5.9,5,3.6,11.5,22.0,PayPal
ORD0769,2025-03-24,CUST982,Prosecco DOC 750ml,Wine,12.9,1,7.5,5.4,44.0,PayPal
ORD0770,2025-06-20,CUST340,Orecchiette 500g,Pasta,3.9,4,1.9,8.0,27.0,Debit Card
ORD0771,2025-11-20,CUST272,Parmigiano Reggiano 1kg,Cheese,27.9,4,18.5,37.6,37.0,Credit Card
ORD0772,2025-11-14,CUST976,Speck Alto Adige 250g,Cured Meat,7.8,5,4.9,14.5,28.0,PayPal
ORD0773,2025-01-04,CUST274,Salame Napoli 300g,Cured Meat,6.5,2,3.9,5.2,93.0,Cash
ORD0774,2025-12-29,CUST597,Orecchiette 500g,Pasta,3.9,1,1.9,2.0,112.0,Credit Card
ORD0775,2025-05-04,CUST788,Chili Pepper Jam 200g,Preserves,6.2,4,3.1,12.4,79.0,Debit Card
ORD0776,2025-06-05,CUST870,Garlic Bread,Bakery,3.5,1,1.4,2.1,59.0,Credit Card
ORD0777,2025-07-29,CUST914,Taralli Pugliesi 400g,Bakery,4.9,5,2.4,12.5,99.0,Credit Card
ORD0778,2025-12-04,CUST821,Focaccia Genovese,Bakery,5.5,1,2.8,2.7,59.0,Cash
ORD0779,2025-06-22,CUST578,Artichoke Spread 200g,Preserves,6.8,1,3.5,3.3,73.0,PayPal
ORD0780,2025-02-26,CUST307,Soppressata Calabrese 350g,Cured Meat,10.5,2,6.8,7.4,133.0,Debit Card
ORD0781,2025-09-21,CUST836,Nero d'Avola 750ml,Wine,16.5,2,10.2,12.6,18.0,Credit Card
ORD0782,2025-12-10,CUST453,Artichoke Spread 200g,Preserves,6.8,3,3.5,9.9,101.0,Credit Card
ORD0783,2025-07-04,CUST992,Linguine Artisan 500g,Pasta,4.2,3,2.1,6.3,7.0,Credit Card
ORD0784,2025-02-16,CUST664,Parmigiano Reggiano 500g,Cheese,14.9,3,9.2,17.1,62.0,Debit Card
ORD0785,2025-05-05,CUST119,Montepulciano d'Abruzzo Elévito 750ml,Wine,84.9,1,66.3,18.6,48.0,Cash
ORD0786,2025-06-26,CUST879,Fresh Pasta 500g,Pasta,4.5,1,2.2,2.3,70.0,PayPal
ORD0787,2025-11-14,CUST221,Nero d'Avola 750ml,Wine,16.5,2,10.2,12.6,150.0,Credit Card
ORD0788,2025-12-17,CUST709,Barolo Riserva 750ml,Wine,49.9,5,29.3,103.0,51.0,Debit Card
ORD0789,2025-02-11,CUST100,Nero d'Avola 750ml,Wine,16.5,3,10.2,18.9,146.0,PayPal
ORD0790,2025-09-25,CUST915,Pancetta Arrotolata 250g,Cured Meat,6.9,1,4.1,2.8,0.0,PayPal
ORD0791,2025-07-13,CUST981,Taralli Pugliesi 400g,Bakery,4.9,5,2.4,12.5,92.0,Credit Card
ORD0792,2025-12-06,CUST886,Prosecco DOC 750ml,Wine,12.9,4,7.5,21.6,106.0,Debit Card
ORD0793,2025-08-28,CUST381,Speck Alto Adige 250g,Cured Meat,7.8,5,4.9,14.5,105.0,Debit Card
ORD0794,2025-08-04,CUST331,Salame Napoli 300g,Cured Meat,6.5,4,3.9,10.4,113.0,Debit Card
ORD0795,2025-11-16,CUST450,Montepulciano d'Abruzzo Elévito 750ml,Wine,84.9,1,66.3,18.6,138.0,Debit Card
ORD0796,2025-01-05,CUST317,Artichoke Spread 200g,Preserves,6.8,3,3.5,9.9,37.0,PayPal
ORD0797,2025-05-07,CUST929,Gorgonzola Dolce 300g,Cheese,5.9,4,3.6,9.2,134.0,Cash
ORD0798,2025-04-02,CUST320,Artichoke Spread 200g,Preserves,6.8,4,3.5,13.2,31.0,Cash
ORD0799,2025-05-15,CUST795,Truffle Pasta 250g,Pasta,7.9,5,4.8,15.5,63.0,Debit Card
ORD0800,2025-12-17,CUST337,Fresh Pasta 500g,Pasta,4.5,4,2.2,9.2,46.0,Credit Card
ORD0801,2025-07-14,CUST390,Gorgonzola Dolce 300g,Cheese,5.9,5,3.6,11.5,71.0,Credit Card
ORD0802,2025-08-30,CUST102,Organic Olive Oil 1L,Olive Oil,18.5,4,11.2,29.2,113.0,Debit Card
ORD0803,2025-08-23,CUST547,Barolo Riserva 750ml,Wine,49.9,2,29.3,41.2,63.0,Credit Card
ORD0804,2025-10-19,CUST788,Focaccia Genovese,Bakery,5.5,4,2.8,10.8,116.0,Debit Card
ORD0805,2025-05-03,CUST609,Parmigiano Reggiano 500g,Cheese,14.9,1,9.2,5.7,82.0,PayPal
ORD0806,2025-04-21,CUST257,Barolo Riserva 750ml,Wine,49.9,5,29.3,103.0,54.0,PayPal
ORD0807,2025-01-16,CUST563,Orange Marmalade 300g,Preserves,5.5,1,2.7,2.8,78.0,Cash
ORD0808,2025-09-29,CUST233,Montepulciano d'Abruzzo Elévito 750ml,Wine,84.9,3,66.3,55.8,11.0,PayPal
ORD0809,2025-01-24,CUST175,Pecorino Romano 500g,Cheese,13.5,3,9.1,13.2,86.0,Credit Card
ORD0810,2025-01-12,CUST707,Orange Marmalade 300g,Preserves,5.5,5,2.7,14.0,23.0,Credit Card
ORD0811,2025-06-25,CUST747,Speck Alto Adige 250g,Cured Meat,7.8,3,4.9,8.7,18.0,Cash
ORD0812,2025-04-21,CUST275,Organic Olive Oil 1L,Olive Oil,18.5,2,11.2,14.6,54.0,Cash
ORD0813,2025-01-14,CUST352,Pecorino Romano 500g,Cheese,13.5,3,9.1,13.2,122.0,Credit Card
ORD0814,2025-05-16,CUST425,Barolo Riserva 750ml,Wine,49.9,1,29.3,20.6,25.0,Debit Card
ORD0815,2025-06-17,CUST920,Chianti Classico 750ml,Wine,18.9,2,11.5,14.8,85.0,Credit Card
ORD0816,2025-09-12,CUST393,Prosecco DOC 750ml,Wine,12.9,5,7.5,27.0,124.0,Cash
ORD0817,2025-07-28,CUST773,Taralli Pugliesi 400g,Bakery,4.9,2,2.4,5.0,141.0,Debit Card
ORD0818,2025-04-08,CUST728,Ravioli Ricotta & Spinach 400g,Pasta,6.8,4,4.1,10.8,57.0,PayPal
ORD0819,2025-05-27,CUST765,Gorgonzola Dolce 300g,Cheese,5.9,4,3.6,9.2,110.0,Credit Card
ORD0820,2025-12-06,CUST801,Gorgonzola Dolce 300g,Cheese,5.9,1,3.6,2.3,53.0,Debit Card
ORD0821,2025-07-05,CUST363,Chianti Classico 750ml,Wine,18.9,1,11.5,7.4,21.0,Cash
ORD0822,2025-07-08,CUST912,Garlic Bread,Bakery,3.5,2,1.4,4.2,23.0,Debit Card
ORD0823,2025-04-27,CUST676,Garlic Bread,Bakery,3.5,5,1.4,10.5,102.0,PayPal
ORD0824,2025-09-17,CUST752,Fresh Pasta 500g,Pasta,4.5,1,2.2,2.3,143.0,Credit Card
ORD0825,2025-02-23,CUST645,Orecchiette 500g,Pasta,3.9,3,1.9,6.0,17.0,Cash
ORD0826,2025-05-12,CUST155,Ravioli Ricotta & Spinach 400g,Pasta,6.8,4,4.1,10.8,56.0,PayPal
ORD0827,2025-03-29,CUST602,Speck Alto Adige 250g,Cured Meat,7.8,3,4.9,8.7,22.0,Cash
ORD0828,2025-05-23,CUST681,Organic Olive Oil 1L,Olive Oil,18.5,3,11.2,21.9,9.0,Debit Card
ORD0829,2025-06-07,CUST858,Soppressata Calabrese 350g,Cured Meat,10.5,3,6.8,11.1,39.0,Cash
ORD0830,2025-09-03,CUST360,Organic Olive Oil 1L,Olive Oil,18.5,3,11.2,21.9,19.0,PayPal
ORD0831,2025-12-03,CUST940,Truffle Olive Oil 250ml,Olive Oil,12.9,5,7.9,25.0,86.0,Debit Card
ORD0832,2025-09-26,CUST988,Orecchiette 500g,Pasta,3.9,3,1.9,6.0,76.0,Debit Card
ORD0833,2025-12-05,CUST131,Soppressata Calabrese 350g,Cured Meat,10.5,2,6.8,7.4,123.0,Credit Card
ORD0834,2025-05-03,CUST651,Organic Olive Oil 1L,Olive Oil,18.5,3,11.2,21.9,40.0,PayPal
ORD0835,2025-05-31,CUST677,Organic Olive Oil 1L,Olive Oil,18.5,2,11.2,14.6,37.0,Debit Card
ORD0836,2025-04-11,CUST451,Extra Virgin Olive Oil 750ml,Olive Oil,15.9,5,9.5,32.0,144.0,Debit Card
ORD0837,2025-07-24,CUST422,Parmigiano Reggiano 1kg,Cheese,27.9,5,18.5,47.0,10.0,Debit Card
ORD0838,2025-03-08,CUST780,Truffle Olive Oil 250ml,Olive Oil,12.9,5,7.9,25.0,21.0,Cash
ORD0839,2025-07-09,CUST981,Montepulciano d'Abruzzo Elévito 750ml,Wine,84.9,3,66.3,55.8,23.0,Credit Card
ORD0840,2025-06-16,CUST192,Extra Virgin Olive Oil 750ml,Olive Oil,15.9,3,9.5,19.2,24.0,Credit Card
ORD0841,2025-08-30,CUST281,Orecchiette 500g,Pasta,3.9,2,1.9,4.0,68.0,Cash
ORD0842,2025-03-25,CUST100,Prosciutto Crudo 200g,Cured Meat,8.9,1,5.4,3.5,32.0,PayPal
ORD0843,2025-11-15,CUST584,Parmigiano Reggiano 1kg,Cheese,27.9,2,18.5,18.8,110.0,PayPal
ORD0844,2025-02-06,CUST306,Truffle Pasta 250g,Pasta,7.9,3,4.8,9.3,150.0,Credit Card
ORD0845,2025-06-18,CUST465,Focaccia Genovese,Bakery,5.5,5,2.8,13.5,120.0,Credit Card
ORD0846,2025-04-06,CUST522,Linguine Artisan 500g,Pasta,4.2,5,2.1,10.5,126.0,Debit Card
ORD0847,2025-09-16,CUST714,Garlic Bread,Bakery,3.5,4,1.4,8.4,63.0,Credit Card
ORD0848,2025-09-04,CUST200,Pitta Bread,Bakery,2.9,3,1.2,5.1,37.0,Credit Card
ORD0849,2025-02-03,CUST680,Fig Jam 300g,Preserves,5.9,2,2.9,6.0,75.0,Cash
ORD0850,2025-09-23,CUST972,Parmigiano Reggiano 500g,Cheese,14.9,4,9.2,22.8,104.0,Credit Card
ORD0851,2025-09-14,CUST868,Pancetta Arrotolata 250g,Cured Meat,6.9,2,4.1,5.6,113.0,Cash
ORD0852,2025-01-13,CUST468,Artichoke Spread 200g,Preserves,6.8,2,3.5,6.6,48.0,PayPal
ORD0853,2025-06-16,CUST168,Fig Jam 300g,Preserves,5.9,4,2.9,12.0,28.0,Debit Card
ORD0854,2025-04-05,CUST474,Prosciutto Crudo 200g,Cured Meat,8.9,2,5.4,7.0,103.0,Cash
ORD0855,2025-10-23,CUST108,Parmigiano Reggiano 1kg,Cheese,27.9,1,18.5,9.4,110.0,Debit Card
ORD0856,2025-10-22,CUST259,Montepulciano d'Abruzzo Elévito 750ml,Wine,84.9,4,66.3,74.4,76.0,Cash
ORD0857,2025-12-25,CUST321,Pecorino Romano 500g,Cheese,13.5,3,9.1,13.2,99.0,Credit Card
ORD0858,2025-01-10,CUST205,Taralli Pugliesi 400g,Bakery,4.9,4,2.4,10.0,33.0,Credit Card
ORD0859,2025-03-10,CUST402,Chili Pepper Jam 200g,Preserves,6.2,3,3.1,9.3,37.0,Debit Card
ORD0860,2025-09-14,CUST794,Fig Jam 300g,Preserves,5.9,1,2.9,3.0,63.0,Debit Card
ORD0861,2025-10-07,CUST968,Montepulciano d'Abruzzo Elévito 750ml,Wine,84.9,1,66.3,18.6,67.0,Credit Card
ORD0862,2025-12-19,CUST996,Prosciutto Crudo 200g,Cured Meat,8.9,2,5.4,7.0,37.0,PayPal
ORD0863,2025-04-18,CUST953,Organic Olive Oil 1L,Olive Oil,18.5,5,11.2,36.5,94.0,PayPal
ORD0864,2025-05-28,CUST987,Prosciutto Crudo 200g,Cured Meat,8.9,5,5.4,17.5,136.0,Cash
ORD0865,2025-06-23,CUST304,Organic Olive Oil 1L,Olive Oil,18.5,5,11.2,36.5,134.0,Debit Card
ORD0866,2025-10-09,CUST727,Barolo Riserva 750ml,Wine,49.9,2,29.3,41.2,99.0,Credit Card
ORD0867,2025-09-01,CUST390,Fresh Pasta 500g,Pasta,4.5,2,2.2,4.6,25.0,Credit Card
ORD0868,2025-06-23,CUST361,Prosecco DOC 750ml,Wine,12.9,5,7.5,27.0,144.0,PayPal
ORD0869,2025-07-01,CUST344,Prosciutto Crudo 200g,Cured Meat,8.9,5,5.4,17.5,74.0,Debit Card
ORD0870,2025-04-10,CUST918,Burrata 250g,Cheese,4.9,4,2.7,8.8,121.0,PayPal
ORD0871,2025-08-20,CUST269,Barolo Riserva 750ml,Wine,49.9,2,29.3,41.2,37.0,PayPal
ORD0872,2025-12-28,CUST467,Prosecco DOC 750ml,Wine,12.9,3,7.5,16.2,144.0,Cash
ORD0873,2025-09-02,CUST763,Pitta Bread,Bakery,2.9,4,1.2,6.8,25.0,PayPal
ORD0874,2025-11-20,CUST951,Barolo Riserva 750ml,Wine,49.9,5,29.3,103.0,117.0,Cash
ORD0875,2025-02-28,CUST260,Parmigiano Reggiano 1kg,Cheese,27.9,2,18.5,18.8,109.0,Credit Card
ORD0876,2025-06-06,CUST751,Orange Marmalade 300g,Preserves,5.5,5,2.7,14.0,47.0,PayPal
ORD0877,2025-08-01,CUST750,Focaccia Genovese,Bakery,5.5,1,2.8,2.7,64.0,Debit Card
ORD0878,2025-06-24,CUST374,Truffle Olive Oil 250ml,Olive Oil,12.9,3,7.9,15.0,22.0,Cash
ORD0879,2025-07-30,CUST994,Montepulciano d'Abruzzo Elévito 750ml,Wine,84.9,2,66.3,37.2,78.0,PayPal
ORD0880,2025-01-16,CUST610,Truffle Pasta 250g,Pasta,7.9,5,4.8,15.5,144.0,Debit Card
ORD0881,2025-10-23,CUST264,Truffle Pasta 250g,Pasta,7.9,5,4.8,15.5,91.0,PayPal
ORD0882,2025-08-04,CUST223,Linguine Artisan 500g,Pasta,4.2,4,2.1,8.4,148.0,Credit Card
ORD0883,2025-09-19,CUST469,Truffle Olive Oil 250ml,Olive Oil,12.9,3,7.9,15.0,95.0,Credit Card
ORD0884,2025-07-28,CUST285,Pitta Bread,Bakery,2.9,4,1.2,6.8,68.0,Cash
ORD0885,2025-06-18,CUST653,Linguine Artisan 500g,Pasta,4.2,2,2.1,4.2,66.0,PayPal
ORD0886,2025-07-21,CUST912,Orecchiette 500g,Pasta,3.9,3,1.9,6.0,91.0,Cash
ORD0887,2025-01-12,CUST868,Barolo Riserva 750ml,Wine,49.9,2,29.3,41.2,11.0,Debit Card
ORD0888,2025-10-26,CUST418,Truffle Pasta 250g,Pasta,7.9,3,4.8,9.3,141.0,PayPal
ORD0889,2025-04-10,CUST892,Soppressata Calabrese 350g,Cured Meat,10.5,2,6.8,7.4,3.0,Credit Card
ORD0890,2025-06-18,CUST904,Parmigiano Reggiano 500g,Cheese,14.9,4,9.2,22.8,48.0,PayPal
ORD0891,2025-03-05,CUST525,Truffle Pasta 250g,Pasta,7.9,5,4.8,15.5,80.0,Cash
ORD0892,2025-09-13,CUST709,Prosciutto Crudo 200g,Cured Meat,8.9,3,5.4,10.5,93.0,Debit Card
ORD0893,2025-05-21,CUST116,Chianti Classico 750ml,Wine,18.9,1,11.5,7.4,31.0,PayPal
ORD0894,2025-06-14,CUST592,Parmigiano Reggiano 1kg,Cheese,27.9,2,18.5,18.8,47.0,Cash
ORD0895,2025-09-29,CUST661,Pancetta Arrotolata 250g,Cured Meat,6.9,5,4.1,14.0,108.0,Cash
ORD0896,2025-10-20,CUST307,Pancetta Arrotolata 250g,Cured Meat,6.9,3,4.1,8.4,26.0,Debit Card
ORD0897,2025-08-26,CUST190,Chianti Classico 750ml,Wine,18.9,4,11.5,29.6,20.0,Cash
ORD0898,2025-09-17,CUST649,Prosciutto Crudo 200g,Cured Meat,8.9,5,5.4,17.5,113.0,Debit Card
ORD0899,2025-07-29,CUST714,Chianti Classico 750ml,Wine,18.9,2,11.5,14.8,56.0,PayPal
ORD0900,2025-08-09,CUST952,Pancetta Arrotolata 250g,Cured Meat,6.9,3,4.1,8.4,79.0,Credit Card
ORD0901,2025-02-11,CUST883,Prosecco DOC 750ml,Wine,12.9,5,7.5,27.0,58.0,PayPal
ORD0902,2025-02-10,CUST267,Chili Pepper Jam 200g,Preserves,6.2,3,3.1,9.3,101.0,Cash
ORD0903,2025-09-22,CUST313,Chianti Classico 750ml,Wine,18.9,5,11.5,37.0,120.0,Debit Card
ORD0904,2025-06-25,CUST613,Garlic Bread,Bakery,3.5,2,1.4,4.2,15.0,Debit Card
ORD0905,2025-07-27,CUST309,Montepulciano d'Abruzzo Elévito 750ml,Wine,84.9,1,66.3,18.6,30.0,Cash
ORD0906,2025-07-29,CUST405,Pecorino Romano 500g,Cheese,13.5,1,9.1,4.4,122.0,PayPal
ORD0907,2025-03-17,CUST555,Prosciutto Crudo 200g,Cured Meat,8.9,2,5.4,7.0,86.0,Debit Card
ORD0908,2025-03-03,CUST812,Focaccia Genovese,Bakery,5.5,1,2.8,2.7,94.0,PayPal
ORD0909,2025-09-18,CUST749,Salame Napoli 300g,Cured Meat,6.5,5,3.9,13.0,138.0,Cash
ORD0910,2025-05-23,CUST230,Pitta Bread,Bakery,2.9,2,1.2,3.4,52.0,PayPal
ORD0911,2025-01-30,CUST407,Prosecco DOC 750ml,Wine,12.9,4,7.5,21.6,63.0,PayPal
ORD0912,2025-09-02,CUST262,Salame Napoli 300g,Cured Meat,6.5,5,3.9,13.0,94.0,PayPal
ORD0913,2025-12-22,CUST935,Extra Virgin Olive Oil 750ml,Olive Oil,15.9,2,9.5,12.8,135.0,Debit Card
ORD0914,2025-01-24,CUST127,Chianti Classico 750ml,Wine,18.9,1,11.5,7.4,121.0,Debit Card
ORD0915,2025-05-30,CUST188,Linguine Artisan 500g,Pasta,4.2,2,2.1,4.2,76.0,Debit Card
ORD0916,2025-10-28,CUST266,Orecchiette 500g,Pasta,3.9,4,1.9,8.0,117.0,Credit Card
ORD0917,2025-07-01,CUST560,Fresh Pasta 500g,Pasta,4.5,2,2.2,4.6,51.0,Credit Card
ORD0918,2025-02-25,CUST802,Chianti Classico 750ml,Wine,18.9,5,11.5,37.0,10.0,Cash
ORD0919,2025-04-23,CUST521,Ravioli Ricotta & Spinach 400g,Pasta,6.8,2,4.1,5.4,134.0,PayPal
ORD0920,2025-07-02,CUST582,Burrata 250g,Cheese,4.9,4,2.7,8.8,111.0,Credit Card
ORD0921,2025-06-08,CUST791,Truffle Olive Oil 250ml,Olive Oil,12.9,2,7.9,10.0,111.0,Debit Card
ORD0922,2025-08-18,CUST209,Salame Napoli 300g,Cured Meat,6.5,1,3.9,2.6,19.0,PayPal
ORD0923,2025-11-09,CUST637,Barolo Riserva 750ml,Wine,49.9,2,29.3,41.2,132.0,Debit Card
ORD0924,2025-07-08,CUST842,Speck Alto Adige 250g,Cured Meat,7.8,3,4.9,8.7,38.0,Credit Card
ORD0925,2025-11-05,CUST361,Pecorino Romano 500g,Cheese,13.5,5,9.1,22.0,101.0,PayPal
ORD0926,2025-11-26,CUST923,Chili Pepper Jam 200g,Preserves,6.2,4,3.1,12.4,137.0,Credit Card
ORD0927,2025-04-09,CUST452,Fresh Pasta 500g,Pasta,4.5,1,2.2,2.3,45.0,PayPal
ORD0928,2025-04-29,CUST202,Chili Pepper Jam 200g,Preserves,6.2,5,3.1,15.5,111.0,Debit Card
ORD0929,2025-02-16,CUST798,Truffle Pasta 250g,Pasta,7.9,2,4.8,6.2,127.0,Credit Card
ORD0930,2025-12-23,CUST910,Linguine Artisan 500g,Pasta,4.2,2,2.1,4.2,117.0,Debit Card
ORD0931,2025-10-11,CUST493,Chianti Classico 750ml,Wine,18.9,4,11.5,29.6,88.0,PayPal
ORD0932,2025-08-30,CUST159,Salame Napoli 300g,Cured Meat,6.5,1,3.9,2.6,98.0,Cash
ORD0933,2025-02-11,CUST376,Ravioli Ricotta & Spinach 400g,Pasta,6.8,5,4.1,13.5,128.0,Credit Card
ORD0934,2025-01-16,CUST794,Linguine Artisan 500g,Pasta,4.2,2,2.1,4.2,46.0,Debit Card
ORD0935,2025-06-28,CUST989,Soppressata Calabrese 350g,Cured Meat,10.5,1,6.8,3.7,53.0,Credit Card
ORD0936,2025-05-15,CUST684,Soppressata Calabrese 350g,Cured Meat,10.5,1,6.8,3.7,118.0,Debit Card
ORD0937,2025-12-04,CUST624,Chili Pepper Jam 200g,Preserves,6.2,5,3.1,15.5,0.0,PayPal
ORD0938,2025-12-27,CUST139,Gorgonzola Dolce 300g,Cheese,5.9,5,3.6,11.5,53.0,Cash
ORD0939,2025-08-17,CUST867,Soppressata Calabrese 350g,Cured Meat,10.5,4,6.8,14.8,83.0,Cash
ORD0940,2025-07-29,CUST868,Linguine Artisan 500g,Pasta,4.2,4,2.1,8.4,41.0,Cash
ORD0941,2025-10-03,CUST477,Chili Pepper Jam 200g,Preserves,6.2,4,3.1,12.4,31.0,PayPal
ORD0942,2025-01-24,CUST315,Fig Jam 300g,Preserves,5.9,3,2.9,9.0,145.0,Credit Card
ORD0943,2025-01-05,CUST171,Focaccia Genovese,Bakery,5.5,5,2.8,13.5,147.0,Cash
ORD0944,2025-12-07,CUST933,Prosciutto Crudo 200g,Cured Meat,8.9,4,5.4,14.0,81.0,Cash
ORD0945,2025-05-06,CUST674,Speck Alto Adige 250g,Cured Meat,7.8,5,4.9,14.5,41.0,PayPal
ORD0946,2025-03-21,CUST723,Fig Jam 300g,Preserves,5.9,4,2.9,12.0,73.0,PayPal
ORD0947,2025-12-28,CUST123,Linguine Artisan 500g,Pasta,4.2,5,2.1,10.5,76.0,Debit Card
ORD0948,2025-09-20,CUST250,Fig Jam 300g,Preserves,5.9,2,2.9,6.0,145.0,PayPal
ORD0949,2025-02-16,CUST477,Orange Marmalade 300g,Preserves,5.5,5,2.7,14.0,9.0,Credit Card
ORD0950,2025-03-07,CUST734,Speck Alto Adige 250g,Cured Meat,7.8,5,4.9,14.5,103.0,Debit Card
ORD0951,2025-02-10,CUST285,Nero d'Avola 750ml,Wine,16.5,1,10.2,6.3,31.0,Debit Card
ORD0952,2025-10-10,CUST128,Salame Napoli 300g,Cured Meat,6.5,4,3.9,10.4,116.0,Cash
ORD0953,2025-08-27,CUST902,Garlic Bread,Bakery,3.5,2,1.4,4.2,35.0,Credit Card
ORD0954,2025-08-13,CUST431,Nero d'Avola 750ml,Wine,16.5,1,10.2,6.3,60.0,Debit Card
ORD0955,2025-02-28,CUST427,Parmigiano Reggiano 500g,Cheese,14.9,1,9.2,5.7,38.0,Credit Card
ORD0956,2025-07-08,CUST737,Truffle Olive Oil 250ml,Olive Oil,12.9,2,7.9,10.0,83.0,PayPal
ORD0957,2025-09-26,CUST678,Speck Alto Adige 250g,Cured Meat,7.8,2,4.9,5.8,75.0,Cash
ORD0958,2025-11-11,CUST949,Artichoke Spread 200g,Preserves,6.8,4,3.5,13.2,84.0,PayPal
ORD0959,2025-10-31,CUST917,Extra Virgin Olive Oil 750ml,Olive Oil,15.9,2,9.5,12.8,28.0,Debit Card
ORD0960,2025-06-14,CUST560,Salame Napoli 300g,Cured Meat,6.5,5,3.9,13.0,62.0,Credit Card
ORD0961,2025-08-12,CUST561,Pancetta Arrotolata 250g,Cured Meat,6.9,5,4.1,14.0,39.0,PayPal
ORD0962,2025-07-13,CUST284,Fig Jam 300g,Preserves,5.9,1,2.9,3.0,72.0,Debit Card
ORD0963,2025-05-13,CUST777,Extra Virgin Olive Oil 750ml,Olive Oil,15.9,4,9.5,25.6,102.0,Debit Card
ORD0964,2025-01-07,CUST357,Garlic Bread,Bakery,3.5,4,1.4,8.4,10.0,Debit Card
ORD0965,2025-11-24,CUST981,Prosciutto Crudo 200g,Cured Meat,8.9,1,5.4,3.5,19.0,Debit Card
ORD0966,2025-06-14,CUST183,Fig Jam 300g,Preserves,5.9,5,2.9,15.0,72.0,Cash
ORD0967,2025-02-04,CUST985,Chianti Classico 750ml,Wine,18.9,4,11.5,29.6,39.0,Credit Card
ORD0968,2025-09-09,CUST424,Montepulciano d'Abruzzo Elévito 750ml,Wine,84.9,4,66.3,74.4,78.0,Debit Card
ORD0969,2025-10-20,CUST991,Chili Pepper Jam 200g,Preserves,6.2,1,3.1,3.1,93.0,PayPal
ORD0970,2025-12-31,CUST484,Garlic Bread,Bakery,3.5,1,1.4,2.1,68.0,Credit Card
ORD0971,2025-11-01,CUST899,Parmigiano Reggiano 500g,Cheese,14.9,2,9.2,11.4,140.0,Credit Card
ORD0972,2025-11-17,CUST410,Garlic Bread,Bakery,3.5,2,1.4,4.2,63.0,PayPal
ORD0973,2025-03-30,CUST978,Pitta Bread,Bakery,2.9,2,1.2,3.4,98.0,Debit Card
ORD0974,2025-03-12,CUST128,Salame Napoli 300g,Cured Meat,6.5,5,3.9,13.0,136.0,Debit Card
ORD0975,2025-08-10,CUST861,Truffle Pasta 250g,Pasta,7.9,4,4.8,12.4,136.0,Cash
ORD0976,2025-05-04,CUST456,Pecorino Romano 500g,Cheese,13.5,4,9.1,17.6,141.0,Cash
ORD0977,2025-07-15,CUST921,Artichoke Spread 200g,Preserves,6.8,2,3.5,6.6,58.0,Credit Card
ORD0978,2025-10-22,CUST325,Linguine Artisan 500g,Pasta,4.2,4,2.1,8.4,79.0,Debit Card
ORD0979,2025-12-26,CUST635,Focaccia Genovese,Bakery,5.5,2,2.8,5.4,5.0,PayPal
ORD0980,2025-03-12,CUST717,Linguine Artisan 500g,Pasta,4.2,2,2.1,4.2,126.0,Cash
ORD0981,2025-09-04,CUST127,Barolo Riserva 750ml,Wine,49.9,1,29.3,20.6,14.0,Credit Card
ORD0982,2025-12-03,CUST183,Orange Marmalade 300g,Preserves,5.5,4,2.7,11.2,94.0,Debit Card
ORD0983,2025-03-01,CUST323,Chili Pepper Jam 200g,Preserves,6.2,3,3.1,9.3,50.0,Credit Card
ORD0984,2025-12-12,CUST872,Salame Napoli 300g,Cured Meat,6.5,1,3.9,2.6,49.0,Debit Card
ORD0985,2025-07-02,CUST581,Prosciutto Crudo 200g,Cured Meat,8.9,5,5.4,17.5,132.0,Debit Card
ORD0986,2025-07-15,CUST344,Barolo Riserva 750ml,Wine,49.9,4,29.3,82.4,110.0,Credit Card
ORD0987,2025-01-09,CUST995,Parmigiano Reggiano 1kg,Cheese,27.9,2,18.5,18.8,97.0,Cash
ORD0988,2025-12-05,CUST596,Organic Olive Oil 1L,Olive Oil,18.5,5,11.2,36.5,36.0,Cash
ORD0989,2025-03-14,CUST658,Fresh Pasta 500g,Pasta,4.5,3,2.2,6.9,71.0,Debit Card
ORD0990,2025-04-07,CUST802,Chianti Classico 750ml,Wine,18.9,3,11.5,22.2,6.0,Debit Card
ORD0991,2025-05-21,CUST212,Salame Napoli 300g,Cured Meat,6.5,4,3.9,10.4,30.0,PayPal
ORD0992,2025-04-09,CUST607,Organic Olive Oil 1L,Olive Oil,18.5,4,11.2,29.2,54.0,PayPal
ORD0993,2025-07-08,CUST401,Prosciutto Crudo 200g,Cured Meat,8.9,3,5.4,10.5,13.0,PayPal
ORD0994,2025-09-03,CUST949,Focaccia Genovese,Bakery,5.5,3,2.8,8.1,35.0,Cash
ORD0995,2025-09-25,CUST192,Artichoke Spread 200g,Preserves,6.8,3,3.5,9.9,73.0,Cash
ORD0996,2025-07-03,CUST456,Fig Jam 300g,Preserves,5.9,5,2.9,15.0,23.0,Credit Card
ORD0997,2025-01-08,CUST727,Montepulciano d'Abruzzo Elévito 750ml,Wine,84.9,5,66.3,93.0,47.0,PayPal
ORD0998,2025-01-15,CUST351,Parmigiano Reggiano 500g,Cheese,14.9,2,9.2,11.4,1.0,PayPal
ORD0999,2025-06-13,CUST798,Chili Pepper Jam 200g,Preserves,6.2,4,3.1,12.4,77.0,Debit Card
ORD1000,2025-09-14,CUST932,Barolo Riserva 750ml,Wine,49.9,5,29.3,103.0,62.0,Credit Card
